=== CORREZIONE NAMESPACE SALUTEORA ===

Data esecuzione: 2025-03-28 11:55:39
Modalità: Modifica effettiva

Directory di backup creata: /var/www/html/saluteora/laravel/namespace_backup_20250328_115539
Scansione directory: /var/www/html/saluteora/laravel/Modules

Totale file PHP trovati: 2806

=== CORREZIONI INIZIATE ===

ERRORE - /var/www/html/saluteora/laravel/Modules/Activity/.php-cs-fixer.dist.php: Impossibile estrarre namespace/classe
ERRORE - /var/www/html/saluteora/laravel/Modules/Activity/.php-cs-fixer.php: Impossibile estrarre namespace/classe
ERRORE - /var/www/html/saluteora/laravel/Modules/Activity/.vscode/.php-cs-fixer.php: Impossibile estrarre namespace/classe
ERRORE - /var/www/html/saluteora/laravel/Modules/Activity/config/config.php: Impossibile estrarre namespace/classe
ERRORE - /var/www/html/saluteora/laravel/Modules/Activity/database/migrations/2023_03_31_103350_create_activity_table.php: Impossibile estrarre namespace/classe
ERRORE - /var/www/html/saluteora/laravel/Modules/Activity/database/migrations/2023_10_30_103350_create_stored_events_table.php: Impossibile estrarre namespace/classe
ERRORE - /var/www/html/saluteora/laravel/Modules/Activity/database/migrations/2024_01_01_000001_create_activity_table.php: Impossibile estrarre namespace/classe
ERRORE - /var/www/html/saluteora/laravel/Modules/Activity/lang/it/activity.php: Impossibile estrarre namespace/classe
ERRORE - /var/www/html/saluteora/laravel/Modules/Activity/lang/it/dashboard.php: Impossibile estrarre namespace/classe
ERRORE - /var/www/html/saluteora/laravel/Modules/Activity/lang/it/log.php: Impossibile estrarre namespace/classe
ERRORE - /var/www/html/saluteora/laravel/Modules/Activity/lang/it/snapshot.php: Impossibile estrarre namespace/classe
ERRORE - /var/www/html/saluteora/laravel/Modules/Activity/lang/it/stored_event.php: Impossibile estrarre namespace/classe
ERRORE - /var/www/html/saluteora/laravel/Modules/Activity/phpstan_constants.php: Impossibile estrarre namespace/classe
ERRORE - /var/www/html/saluteora/laravel/Modules/Activity/rector.php: Impossibile estrarre namespace/classe
ERRORE - /var/www/html/saluteora/laravel/Modules/Activity/resources/views/admin/dashboard/item.blade.php: Impossibile estrarre namespace/classe
ERRORE - /var/www/html/saluteora/laravel/Modules/Activity/resources/views/filament/pages/dashboard.blade.php: Impossibile estrarre namespace/classe
ERRORE - /var/www/html/saluteora/laravel/Modules/Activity/resources/views/filament/tables/columns/event-properties.blade.php: Impossibile estrarre namespace/classe
ERRORE - /var/www/html/saluteora/laravel/Modules/Activity/resources/views/index.blade.php: Impossibile estrarre namespace/classe
ERRORE - /var/www/html/saluteora/laravel/Modules/Activity/resources/views/layouts/master.blade.php: Impossibile estrarre namespace/classe
ERRORE - /var/www/html/saluteora/laravel/Modules/Activity/routes/api.php: Impossibile estrarre namespace/classe
ERRORE - /var/www/html/saluteora/laravel/Modules/Activity/routes/web.php: Impossibile estrarre namespace/classe
ERRORE - /var/www/html/saluteora/laravel/Modules/Activity/workbench/routes/api.php: Impossibile estrarre namespace/classe
ERRORE - /var/www/html/saluteora/laravel/Modules/Activity/workbench/routes/console.php: Impossibile estrarre namespace/classe
ERRORE - /var/www/html/saluteora/laravel/Modules/Activity/workbench/routes/web.php: Impossibile estrarre namespace/classe
ERRORE - /var/www/html/saluteora/laravel/Modules/Chart/.vscode/.php-cs-fixer.php: Impossibile estrarre namespace/classe
ERRORE - /var/www/html/saluteora/laravel/Modules/Chart/Resources/lang/it/chart.php: Impossibile estrarre namespace/classe
ERRORE - /var/www/html/saluteora/laravel/Modules/Chart/Resources/lang/it/mixed_chart.php: Impossibile estrarre namespace/classe
ERRORE - /var/www/html/saluteora/laravel/Modules/Chart/Resources/views/filament/pages/dashboard.blade.php: Impossibile estrarre namespace/classe
ERRORE - /var/www/html/saluteora/laravel/Modules/Chart/Resources/views/filament/widgets/samples/overlook-v2.blade.php: Impossibile estrarre namespace/classe
ERRORE - /var/www/html/saluteora/laravel/Modules/Chart/Resources/views/filament/widgets/samples/overlook.blade.php: Impossibile estrarre namespace/classe
ERRORE - /var/www/html/saluteora/laravel/Modules/Chart/Resources/views/index.blade.php: Impossibile estrarre namespace/classe
ERRORE - /var/www/html/saluteora/laravel/Modules/Chart/Resources/views/layouts/master.blade.php: Impossibile estrarre namespace/classe
ERRORE - /var/www/html/saluteora/laravel/Modules/Chart/Resources/views/tables/columns/chart-column.blade.php: Impossibile estrarre namespace/classe
ERRORE - /var/www/html/saluteora/laravel/Modules/Chart/config/config.php: Impossibile estrarre namespace/classe
ERRORE - /var/www/html/saluteora/laravel/Modules/Chart/lang/it/chart.php: Impossibile estrarre namespace/classe
ERRORE - /var/www/html/saluteora/laravel/Modules/Chart/phpinsights.php: Impossibile estrarre namespace/classe
ERRORE - /var/www/html/saluteora/laravel/Modules/Chart/phpstan_constants.php: Impossibile estrarre namespace/classe
ERRORE - /var/www/html/saluteora/laravel/Modules/Chart/rector.php: Impossibile estrarre namespace/classe
ERRORE - /var/www/html/saluteora/laravel/Modules/Chart/resources/lang/it/chart.php: Impossibile estrarre namespace/classe
ERRORE - /var/www/html/saluteora/laravel/Modules/Chart/resources/views/filament/pages/dashboard.blade.php: Impossibile estrarre namespace/classe
ERRORE - /var/www/html/saluteora/laravel/Modules/Chart/resources/views/filament/widgets/samples/overlook-v2.blade.php: Impossibile estrarre namespace/classe
ERRORE - /var/www/html/saluteora/laravel/Modules/Chart/resources/views/filament/widgets/samples/overlook.blade.php: Impossibile estrarre namespace/classe
ERRORE - /var/www/html/saluteora/laravel/Modules/Chart/resources/views/index.blade.php: Impossibile estrarre namespace/classe
ERRORE - /var/www/html/saluteora/laravel/Modules/Chart/resources/views/layouts/master.blade.php: Impossibile estrarre namespace/classe
ERRORE - /var/www/html/saluteora/laravel/Modules/Chart/resources/views/tables/columns/chart-column.blade.php: Impossibile estrarre namespace/classe
ERRORE - /var/www/html/saluteora/laravel/Modules/Chart/routes/api.php: Impossibile estrarre namespace/classe
ERRORE - /var/www/html/saluteora/laravel/Modules/Chart/routes/web.php: Impossibile estrarre namespace/classe
ERRORE - /var/www/html/saluteora/laravel/Modules/Cms/.php-cs-fixer.dist.php: Impossibile estrarre namespace/classe
ERRORE - /var/www/html/saluteora/laravel/Modules/Cms/.php-cs-fixer.php: Impossibile estrarre namespace/classe
ERRORE - /var/www/html/saluteora/laravel/Modules/Cms/.vscode/.php-cs-fixer.php: Impossibile estrarre namespace/classe
ERRORE - /var/www/html/saluteora/laravel/Modules/Cms/config/badge.php: Impossibile estrarre namespace/classe
ERRORE - /var/www/html/saluteora/laravel/Modules/Cms/config/button.php: Impossibile estrarre namespace/classe
ERRORE - /var/www/html/saluteora/laravel/Modules/Cms/config/config.php: Impossibile estrarre namespace/classe
ERRORE - /var/www/html/saluteora/laravel/Modules/Cms/config/fieldset.php: Impossibile estrarre namespace/classe
ERRORE - /var/www/html/saluteora/laravel/Modules/Cms/config/form.php: Impossibile estrarre namespace/classe
ERRORE - /var/www/html/saluteora/laravel/Modules/Cms/config/input.php: Impossibile estrarre namespace/classe
ERRORE - /var/www/html/saluteora/laravel/Modules/Cms/config/navbar.php: Impossibile estrarre namespace/classe
ERRORE - /var/www/html/saluteora/laravel/Modules/Cms/config/panel.php: Impossibile estrarre namespace/classe
ERRORE - /var/www/html/saluteora/laravel/Modules/Cms/config/std.php: Impossibile estrarre namespace/classe
ERRORE - /var/www/html/saluteora/laravel/Modules/Cms/config/xra.php: Impossibile estrarre namespace/classe
ERRORE - /var/www/html/saluteora/laravel/Modules/Cms/database/Migrations/2024_01_01_000000_create_page_contents_table.php: Impossibile estrarre namespace/classe
ERRORE - /var/www/html/saluteora/laravel/Modules/Cms/database/Migrations/2024_01_01_000004_create_menus_table.php: Impossibile estrarre namespace/classe
ERRORE - /var/www/html/saluteora/laravel/Modules/Cms/database/Migrations/2024_01_01_000005_create_cms_pages_table.php: Impossibile estrarre namespace/classe
ERRORE - /var/www/html/saluteora/laravel/Modules/Cms/lang/it/breadcrumb.php: Impossibile estrarre namespace/classe
ERRORE - /var/www/html/saluteora/laravel/Modules/Cms/lang/it/create.php: Impossibile estrarre namespace/classe
ERRORE - /var/www/html/saluteora/laravel/Modules/Cms/lang/it/edit.php: Impossibile estrarre namespace/classe
ERRORE - /var/www/html/saluteora/laravel/Modules/Cms/lang/it/edit_page_content.php: Impossibile estrarre namespace/classe
ERRORE - /var/www/html/saluteora/laravel/Modules/Cms/lang/it/footer.php: Impossibile estrarre namespace/classe
ERRORE - /var/www/html/saluteora/laravel/Modules/Cms/lang/it/headernav.php: Impossibile estrarre namespace/classe
ERRORE - /var/www/html/saluteora/laravel/Modules/Cms/lang/it/left_sidebar_content.php: Impossibile estrarre namespace/classe
ERRORE - /var/www/html/saluteora/laravel/Modules/Cms/lang/it/menu.php: Impossibile estrarre namespace/classe
ERRORE - /var/www/html/saluteora/laravel/Modules/Cms/lang/it/page.php: Impossibile estrarre namespace/classe
ERRORE - /var/www/html/saluteora/laravel/Modules/Cms/lang/it/page_content.php: Impossibile estrarre namespace/classe
ERRORE - /var/www/html/saluteora/laravel/Modules/Cms/lang/it/page_content_builder.php: Impossibile estrarre namespace/classe
ERRORE - /var/www/html/saluteora/laravel/Modules/Cms/lang/it/view_page_content.php: Impossibile estrarre namespace/classe
ERRORE - /var/www/html/saluteora/laravel/Modules/Cms/phpstan_constants.php: Impossibile estrarre namespace/classe
ERRORE - /var/www/html/saluteora/laravel/Modules/Cms/rector.php: Impossibile estrarre namespace/classe
ERRORE - /var/www/html/saluteora/laravel/Modules/Cms/resources/views/admin/dashboard/item.blade.php: Impossibile estrarre namespace/classe
ERRORE - /var/www/html/saluteora/laravel/Modules/Cms/resources/views/admin/dashboard.blade.php: Impossibile estrarre namespace/classe
ERRORE - /var/www/html/saluteora/laravel/Modules/Cms/resources/views/admin/home/acts/db.blade.php: Impossibile estrarre namespace/classe
ERRORE - /var/www/html/saluteora/laravel/Modules/Cms/resources/views/admin/home/acts/menu_builder.blade.php: Impossibile estrarre namespace/classe
ERRORE - /var/www/html/saluteora/laravel/Modules/Cms/resources/views/admin/index/acts/sort-rows-group.blade.php: Impossibile estrarre namespace/classe
ERRORE - /var/www/html/saluteora/laravel/Modules/Cms/resources/views/admin/index/acts/sort.blade.php: Impossibile estrarre namespace/classe
ERRORE - /var/www/html/saluteora/laravel/Modules/Cms/resources/views/components/blocks/footer/deafult.blade.php: Impossibile estrarre namespace/classe
ERRORE - /var/www/html/saluteora/laravel/Modules/Cms/resources/views/components/blocks/footer/empty.blade.php: Impossibile estrarre namespace/classe
ERRORE - /var/www/html/saluteora/laravel/Modules/Cms/resources/views/components/blocks/footer/footer_with_logo.blade.php: Impossibile estrarre namespace/classe
ERRORE - /var/www/html/saluteora/laravel/Modules/Cms/resources/views/components/blocks/footer/social_media_icons.blade.php: Impossibile estrarre namespace/classe
ERRORE - /var/www/html/saluteora/laravel/Modules/Cms/resources/views/components/blocks/headernav/simple.blade.php: Impossibile estrarre namespace/classe
ERRORE - /var/www/html/saluteora/laravel/Modules/Cms/resources/views/components/button/action/v1.blade.php: Impossibile estrarre namespace/classe
ERRORE - /var/www/html/saluteora/laravel/Modules/Cms/resources/views/components/button/action/v2.blade.php: Impossibile estrarre namespace/classe
ERRORE - /var/www/html/saluteora/laravel/Modules/Cms/resources/views/components/button/link/tab.blade.php: Impossibile estrarre namespace/classe
ERRORE - /var/www/html/saluteora/laravel/Modules/Cms/resources/views/components/button/link/title.blade.php: Impossibile estrarre namespace/classe
ERRORE - /var/www/html/saluteora/laravel/Modules/Cms/resources/views/components/button/link/v1.blade.php: Impossibile estrarre namespace/classe
ERRORE - /var/www/html/saluteora/laravel/Modules/Cms/resources/views/components/button/panel/create/v1.blade.php: Impossibile estrarre namespace/classe
ERRORE - /var/www/html/saluteora/laravel/Modules/Cms/resources/views/components/button/panel/delete/v2.blade.php: Impossibile estrarre namespace/classe
ERRORE - /var/www/html/saluteora/laravel/Modules/Cms/resources/views/components/button/panel/edit/v1.blade.php: Impossibile estrarre namespace/classe
ERRORE - /var/www/html/saluteora/laravel/Modules/Cms/resources/views/components/button/panel/show/v1.blade.php: Impossibile estrarre namespace/classe
ERRORE - /var/www/html/saluteora/laravel/Modules/Cms/resources/views/components/button/panel/v1.blade.php: Impossibile estrarre namespace/classe
ERRORE - /var/www/html/saluteora/laravel/Modules/Cms/resources/views/components/footer/deafult.blade.php: Impossibile estrarre namespace/classe
ERRORE - /var/www/html/saluteora/laravel/Modules/Cms/resources/views/components/footer/empty.blade.php: Impossibile estrarre namespace/classe
ERRORE - /var/www/html/saluteora/laravel/Modules/Cms/resources/views/components/footer/footer_with_logo.blade.php: Impossibile estrarre namespace/classe
ERRORE - /var/www/html/saluteora/laravel/Modules/Cms/resources/views/components/footer/social_media_icons.blade.php: Impossibile estrarre namespace/classe
ERRORE - /var/www/html/saluteora/laravel/Modules/Cms/resources/views/components/headernav/simple.blade.php: Impossibile estrarre namespace/classe
ERRORE - /var/www/html/saluteora/laravel/Modules/Cms/resources/views/filament/clusters/appearance/pages/headernav.blade.php: Impossibile estrarre namespace/classe
ERRORE - /var/www/html/saluteora/laravel/Modules/Cms/resources/views/filament/front/pages/welcome.blade.php: Impossibile estrarre namespace/classe
ERRORE - /var/www/html/saluteora/laravel/Modules/Cms/resources/views/filament/pages/dashboard.blade.php: Impossibile estrarre namespace/classe
ERRORE - /var/www/html/saluteora/laravel/Modules/Cms/resources/views/filament/pages/themes.blade.php: Impossibile estrarre namespace/classe
ERRORE - /var/www/html/saluteora/laravel/Modules/Cms/resources/views/index.blade.php: Impossibile estrarre namespace/classe
ERRORE - /var/www/html/saluteora/laravel/Modules/Cms/resources/views/layouts/master.blade.php: Impossibile estrarre namespace/classe
ERRORE - /var/www/html/saluteora/laravel/Modules/Cms/resources/views/livewire/menu/builder/menus.blade.php: Impossibile estrarre namespace/classe
ERRORE - /var/www/html/saluteora/laravel/Modules/Cms/resources/views/livewire/menu/builder/sidebar.blade.php: Impossibile estrarre namespace/classe
ERRORE - /var/www/html/saluteora/laravel/Modules/Cms/resources/views/livewire/menu/builder.blade.php: Impossibile estrarre namespace/classe
ERRORE - /var/www/html/saluteora/laravel/Modules/Cms/resources/views/livewire/panel/sort.blade.php: Impossibile estrarre namespace/classe
ERRORE - /var/www/html/saluteora/laravel/Modules/Cms/routes/api.php: Impossibile estrarre namespace/classe
ERRORE - /var/www/html/saluteora/laravel/Modules/Cms/routes/web.php: Impossibile estrarre namespace/classe
ERRORE - /var/www/html/saluteora/laravel/Modules/Cms/tests/Unit/ExampleTest.php: Impossibile estrarre namespace/classe
ERRORE - /var/www/html/saluteora/laravel/Modules/Gdpr/.php-cs-fixer.dist.php: Impossibile estrarre namespace/classe
ERRORE - /var/www/html/saluteora/laravel/Modules/Gdpr/.php-cs-fixer.php: Impossibile estrarre namespace/classe
ERRORE - /var/www/html/saluteora/laravel/Modules/Gdpr/.vscode/.php-cs-fixer.php: Impossibile estrarre namespace/classe
ERRORE - /var/www/html/saluteora/laravel/Modules/Gdpr/config/config.php: Impossibile estrarre namespace/classe
ERRORE - /var/www/html/saluteora/laravel/Modules/Gdpr/database/migrations/2024_01_01_000001_create_consents_table.php: Impossibile estrarre namespace/classe
ERRORE - /var/www/html/saluteora/laravel/Modules/Gdpr/database/migrations/2024_01_01_000001_create_gdpr_events_table.php: Impossibile estrarre namespace/classe
ERRORE - /var/www/html/saluteora/laravel/Modules/Gdpr/database/migrations/2024_01_01_000001_create_treatments_table.php: Impossibile estrarre namespace/classe
ERRORE - /var/www/html/saluteora/laravel/Modules/Gdpr/lang/en/texts.php: Impossibile estrarre namespace/classe
ERRORE - /var/www/html/saluteora/laravel/Modules/Gdpr/lang/it/consent.php: Impossibile estrarre namespace/classe
ERRORE - /var/www/html/saluteora/laravel/Modules/Gdpr/lang/it/event.php: Impossibile estrarre namespace/classe
ERRORE - /var/www/html/saluteora/laravel/Modules/Gdpr/lang/it/gdpr.php: Impossibile estrarre namespace/classe
ERRORE - /var/www/html/saluteora/laravel/Modules/Gdpr/lang/it/profile.php: Impossibile estrarre namespace/classe
ERRORE - /var/www/html/saluteora/laravel/Modules/Gdpr/lang/it/texts.php: Impossibile estrarre namespace/classe
ERRORE - /var/www/html/saluteora/laravel/Modules/Gdpr/lang/it/treatment.php: Impossibile estrarre namespace/classe
ERRORE - /var/www/html/saluteora/laravel/Modules/Gdpr/phpstan_constants.php: Impossibile estrarre namespace/classe
ERRORE - /var/www/html/saluteora/laravel/Modules/Gdpr/rector.php: Impossibile estrarre namespace/classe
ERRORE - /var/www/html/saluteora/laravel/Modules/Gdpr/resources/lang/it/profile.php: Impossibile estrarre namespace/classe
ERRORE - /var/www/html/saluteora/laravel/Modules/Gdpr/resources/lang/it/treatment.php: Impossibile estrarre namespace/classe
ERRORE - /var/www/html/saluteora/laravel/Modules/Gdpr/resources/views/filament/pages/dashboard.blade.php: Impossibile estrarre namespace/classe
ERRORE - /var/www/html/saluteora/laravel/Modules/Gdpr/resources/views/filament/pages/profile.blade.php: Impossibile estrarre namespace/classe
ERRORE - /var/www/html/saluteora/laravel/Modules/Gdpr/resources/views/index.blade.php: Impossibile estrarre namespace/classe
ERRORE - /var/www/html/saluteora/laravel/Modules/Gdpr/resources/views/layouts/master.blade.php: Impossibile estrarre namespace/classe
ERRORE - /var/www/html/saluteora/laravel/Modules/Gdpr/routes/api.php: Impossibile estrarre namespace/classe
ERRORE - /var/www/html/saluteora/laravel/Modules/Gdpr/routes/web.php: Impossibile estrarre namespace/classe
ERRORE - /var/www/html/saluteora/laravel/Modules/Job/.php-cs-fixer.dist.php: Impossibile estrarre namespace/classe
ERRORE - /var/www/html/saluteora/laravel/Modules/Job/.php-cs-fixer.php: Impossibile estrarre namespace/classe
ERRORE - /var/www/html/saluteora/laravel/Modules/Job/.vscode/.php-cs-fixer.php: Impossibile estrarre namespace/classe
ERRORE - /var/www/html/saluteora/laravel/Modules/Job/config/config.php: Impossibile estrarre namespace/classe
ERRORE - /var/www/html/saluteora/laravel/Modules/Job/config_old/config.php: Impossibile estrarre namespace/classe
ERRORE - /var/www/html/saluteora/laravel/Modules/Job/database/migrations/2022_02_17_124030_create_job_batches_table.php: Impossibile estrarre namespace/classe
ERRORE - /var/www/html/saluteora/laravel/Modules/Job/database/migrations/2022_03_01_000004_create_jobs_table.php: Impossibile estrarre namespace/classe
ERRORE - /var/www/html/saluteora/laravel/Modules/Job/database/migrations/2023_02_26_172600_create_schedule_table.php: Impossibile estrarre namespace/classe
ERRORE - /var/www/html/saluteora/laravel/Modules/Job/database/migrations/2023_02_26_175242_create_schedule_histories_table.php: Impossibile estrarre namespace/classe
ERRORE - /var/www/html/saluteora/laravel/Modules/Job/database/migrations/2023_03_13_000000_create_frequencies_table.php: Impossibile estrarre namespace/classe
ERRORE - /var/www/html/saluteora/laravel/Modules/Job/database/migrations/2023_03_13_000000_create_parameters_table.php: Impossibile estrarre namespace/classe
ERRORE - /var/www/html/saluteora/laravel/Modules/Job/database/migrations/2023_03_13_000000_create_results_table.php: Impossibile estrarre namespace/classe
ERRORE - /var/www/html/saluteora/laravel/Modules/Job/database/migrations/2023_03_13_000000_create_tasks_table.php: Impossibile estrarre namespace/classe
ERRORE - /var/www/html/saluteora/laravel/Modules/Job/database/migrations/2024_01_01_000000_create_job_manager_table.php: Impossibile estrarre namespace/classe
ERRORE - /var/www/html/saluteora/laravel/Modules/Job/database/migrations/2024_01_01_000001_create_failed_jobs_table.php: Impossibile estrarre namespace/classe
ERRORE - /var/www/html/saluteora/laravel/Modules/Job/database/migrations/2024_01_01_000002_create_imports_table.php: Impossibile estrarre namespace/classe
ERRORE - /var/www/html/saluteora/laravel/Modules/Job/database/migrations/2024_03_12_082158_create_exports_table.php: Impossibile estrarre namespace/classe
ERRORE - /var/www/html/saluteora/laravel/Modules/Job/database/migrations/2024_03_12_082158_create_failed_import_rows_table.php: Impossibile estrarre namespace/classe
ERRORE - /var/www/html/saluteora/laravel/Modules/Job/database_old/migrations/2022_02_17_124030_create_job_batches_table.php: Impossibile estrarre namespace/classe
ERRORE - /var/www/html/saluteora/laravel/Modules/Job/database_old/migrations/2022_03_01_000004_create_jobs_table.php: Impossibile estrarre namespace/classe
ERRORE - /var/www/html/saluteora/laravel/Modules/Job/database_old/migrations/2023_02_26_172600_create_schedule_table.php: Impossibile estrarre namespace/classe
ERRORE - /var/www/html/saluteora/laravel/Modules/Job/database_old/migrations/2023_02_26_175242_create_schedule_histories_table.php: Impossibile estrarre namespace/classe
ERRORE - /var/www/html/saluteora/laravel/Modules/Job/database_old/migrations/2023_03_13_000000_create_frequencies_table.php: Impossibile estrarre namespace/classe
ERRORE - /var/www/html/saluteora/laravel/Modules/Job/database_old/migrations/2023_03_13_000000_create_parameters_table.php: Impossibile estrarre namespace/classe
ERRORE - /var/www/html/saluteora/laravel/Modules/Job/database_old/migrations/2023_03_13_000000_create_results_table.php: Impossibile estrarre namespace/classe
ERRORE - /var/www/html/saluteora/laravel/Modules/Job/database_old/migrations/2023_03_13_000000_create_tasks_table.php: Impossibile estrarre namespace/classe
ERRORE - /var/www/html/saluteora/laravel/Modules/Job/database_old/migrations/2024_01_01_000000_create_job_manager_table.php: Impossibile estrarre namespace/classe
ERRORE - /var/www/html/saluteora/laravel/Modules/Job/database_old/migrations/2024_01_01_000001_create_failed_jobs_table.php: Impossibile estrarre namespace/classe
ERRORE - /var/www/html/saluteora/laravel/Modules/Job/database_old/migrations/2024_01_01_000002_create_imports_table.php: Impossibile estrarre namespace/classe
ERRORE - /var/www/html/saluteora/laravel/Modules/Job/database_old/migrations/2024_03_12_082158_create_exports_table.php: Impossibile estrarre namespace/classe
ERRORE - /var/www/html/saluteora/laravel/Modules/Job/database_old/migrations/2024_03_12_082158_create_failed_import_rows_table.php: Impossibile estrarre namespace/classe
ERRORE - /var/www/html/saluteora/laravel/Modules/Job/lang/de/translations.php: Impossibile estrarre namespace/classe
ERRORE - /var/www/html/saluteora/laravel/Modules/Job/lang/en/messages.php: Impossibile estrarre namespace/classe
ERRORE - /var/www/html/saluteora/laravel/Modules/Job/lang/en/translations.php: Impossibile estrarre namespace/classe
ERRORE - /var/www/html/saluteora/laravel/Modules/Job/lang/es/translations.php: Impossibile estrarre namespace/classe
ERRORE - /var/www/html/saluteora/laravel/Modules/Job/lang/fr/translations.php: Impossibile estrarre namespace/classe
ERRORE - /var/www/html/saluteora/laravel/Modules/Job/lang/it/export.php: Impossibile estrarre namespace/classe
ERRORE - /var/www/html/saluteora/laravel/Modules/Job/lang/it/failed_import_row.php: Impossibile estrarre namespace/classe
ERRORE - /var/www/html/saluteora/laravel/Modules/Job/lang/it/failed_job.php: Impossibile estrarre namespace/classe
ERRORE - /var/www/html/saluteora/laravel/Modules/Job/lang/it/import.php: Impossibile estrarre namespace/classe
ERRORE - /var/www/html/saluteora/laravel/Modules/Job/lang/it/job.php: Impossibile estrarre namespace/classe
ERRORE - /var/www/html/saluteora/laravel/Modules/Job/lang/it/job_batch.php: Impossibile estrarre namespace/classe
ERRORE - /var/www/html/saluteora/laravel/Modules/Job/lang/it/job_manager.php: Impossibile estrarre namespace/classe
ERRORE - /var/www/html/saluteora/laravel/Modules/Job/lang/it/job_monitor.php: Impossibile estrarre namespace/classe
ERRORE - /var/www/html/saluteora/laravel/Modules/Job/lang/it/job_status.php: Impossibile estrarre namespace/classe
ERRORE - /var/www/html/saluteora/laravel/Modules/Job/lang/it/jobs_waiting.php: Impossibile estrarre namespace/classe
ERRORE - /var/www/html/saluteora/laravel/Modules/Job/lang/it/schedule.php: Impossibile estrarre namespace/classe
ERRORE - /var/www/html/saluteora/laravel/Modules/Job/lang/lang/it/edit_failed_import_row.php: Impossibile estrarre namespace/classe
ERRORE - /var/www/html/saluteora/laravel/Modules/Job/lang/lang/it/failed_import_row.php: Impossibile estrarre namespace/classe
ERRORE - /var/www/html/saluteora/laravel/Modules/Job/lang/lang/it/failed_job.php: Impossibile estrarre namespace/classe
ERRORE - /var/www/html/saluteora/laravel/Modules/Job/lang/lang/it/import.php: Impossibile estrarre namespace/classe
ERRORE - /var/www/html/saluteora/laravel/Modules/Job/lang/lang/it/job.php: Impossibile estrarre namespace/classe
ERRORE - /var/www/html/saluteora/laravel/Modules/Job/lang/lang/it/job_batch.php: Impossibile estrarre namespace/classe
ERRORE - /var/www/html/saluteora/laravel/Modules/Job/lang/lang/it/job_manager.php: Impossibile estrarre namespace/classe
ERRORE - /var/www/html/saluteora/laravel/Modules/Job/lang/lang/it/jobs_waiting.php: Impossibile estrarre namespace/classe
ERRORE - /var/www/html/saluteora/laravel/Modules/Job/lang/nb_NO/translations.php: Impossibile estrarre namespace/classe
ERRORE - /var/www/html/saluteora/laravel/Modules/Job/phpstan_constants.php: Impossibile estrarre namespace/classe
ERRORE - /var/www/html/saluteora/laravel/Modules/Job/rector.php: Impossibile estrarre namespace/classe
ERRORE - /var/www/html/saluteora/laravel/Modules/Job/resources/views/admin/acts/schedule_manager.blade.php: Impossibile estrarre namespace/classe
ERRORE - /var/www/html/saluteora/laravel/Modules/Job/resources/views/admin/acts/schedule_status.blade.php: Impossibile estrarre namespace/classe
ERRORE - /var/www/html/saluteora/laravel/Modules/Job/resources/views/admin/dashboard/item.blade.php: Impossibile estrarre namespace/classe
ERRORE - /var/www/html/saluteora/laravel/Modules/Job/resources/views/admin/home/acts/execute-task-panel.blade.php: Impossibile estrarre namespace/classe
ERRORE - /var/www/html/saluteora/laravel/Modules/Job/resources/views/admin/home/acts/schedule_manager.blade.php: Impossibile estrarre namespace/classe
ERRORE - /var/www/html/saluteora/laravel/Modules/Job/resources/views/admin/home/acts/task.blade.php: Impossibile estrarre namespace/classe
ERRORE - /var/www/html/saluteora/laravel/Modules/Job/resources/views/admin/home.blade.php: Impossibile estrarre namespace/classe
ERRORE - /var/www/html/saluteora/laravel/Modules/Job/resources/views/components/action-group.blade.php: Impossibile estrarre namespace/classe
ERRORE - /var/www/html/saluteora/laravel/Modules/Job/resources/views/components/button.blade.php: Impossibile estrarre namespace/classe
ERRORE - /var/www/html/saluteora/laravel/Modules/Job/resources/views/components/icon-button.blade.php: Impossibile estrarre namespace/classe
ERRORE - /var/www/html/saluteora/laravel/Modules/Job/resources/views/components/repeater-table.blade.php: Impossibile estrarre namespace/classe
ERRORE - /var/www/html/saluteora/laravel/Modules/Job/resources/views/filament/columns/schedule-arguments.blade.php: Impossibile estrarre namespace/classe
ERRORE - /var/www/html/saluteora/laravel/Modules/Job/resources/views/filament/pages/dashboard.blade.php: Impossibile estrarre namespace/classe
ERRORE - /var/www/html/saluteora/laravel/Modules/Job/resources/views/filament/pages/job-monitor.blade.php: Impossibile estrarre namespace/classe
ERRORE - /var/www/html/saluteora/laravel/Modules/Job/resources/views/filament/pages/job-status.blade.php: Impossibile estrarre namespace/classe
ERRORE - /var/www/html/saluteora/laravel/Modules/Job/resources/views/filament/tables/columns/array/item.blade.php: Impossibile estrarre namespace/classe
ERRORE - /var/www/html/saluteora/laravel/Modules/Job/resources/views/filament/tables/columns/array.blade.php: Impossibile estrarre namespace/classe
ERRORE - /var/www/html/saluteora/laravel/Modules/Job/resources/views/filament/widgets/clock-widget.blade.php: Impossibile estrarre namespace/classe
ERRORE - /var/www/html/saluteora/laravel/Modules/Job/resources/views/filament/widgets/queue-listen.blade.php: Impossibile estrarre namespace/classe
ERRORE - /var/www/html/saluteora/laravel/Modules/Job/resources/views/index.blade.php: Impossibile estrarre namespace/classe
ERRORE - /var/www/html/saluteora/laravel/Modules/Job/resources/views/layouts/master.blade.php: Impossibile estrarre namespace/classe
ERRORE - /var/www/html/saluteora/laravel/Modules/Job/resources/views/livewire/broad.blade.php: Impossibile estrarre namespace/classe
ERRORE - /var/www/html/saluteora/laravel/Modules/Job/resources/views/livewire/job/status.blade.php: Impossibile estrarre namespace/classe
ERRORE - /var/www/html/saluteora/laravel/Modules/Job/resources/views/livewire/modal/schedule/create.blade.php: Impossibile estrarre namespace/classe
ERRORE - /var/www/html/saluteora/laravel/Modules/Job/resources/views/livewire/schedule/create.blade.php: Impossibile estrarre namespace/classe
ERRORE - /var/www/html/saluteora/laravel/Modules/Job/resources/views/livewire/schedule/crud.blade.php: Impossibile estrarre namespace/classe
ERRORE - /var/www/html/saluteora/laravel/Modules/Job/resources/views/livewire/schedule/status.blade.php: Impossibile estrarre namespace/classe
ERRORE - /var/www/html/saluteora/laravel/Modules/Job/resources_old/views/admin/acts/schedule_manager.blade.php: Impossibile estrarre namespace/classe
ERRORE - /var/www/html/saluteora/laravel/Modules/Job/resources_old/views/admin/acts/schedule_status.blade.php: Impossibile estrarre namespace/classe
ERRORE - /var/www/html/saluteora/laravel/Modules/Job/resources_old/views/admin/dashboard/item.blade.php: Impossibile estrarre namespace/classe
ERRORE - /var/www/html/saluteora/laravel/Modules/Job/resources_old/views/admin/home/acts/execute-task-panel.blade.php: Impossibile estrarre namespace/classe
ERRORE - /var/www/html/saluteora/laravel/Modules/Job/resources_old/views/admin/home/acts/schedule_manager.blade.php: Impossibile estrarre namespace/classe
ERRORE - /var/www/html/saluteora/laravel/Modules/Job/resources_old/views/admin/home/acts/task.blade.php: Impossibile estrarre namespace/classe
ERRORE - /var/www/html/saluteora/laravel/Modules/Job/resources_old/views/admin/home.blade.php: Impossibile estrarre namespace/classe
ERRORE - /var/www/html/saluteora/laravel/Modules/Job/resources_old/views/components/action-group.blade.php: Impossibile estrarre namespace/classe
ERRORE - /var/www/html/saluteora/laravel/Modules/Job/resources_old/views/components/button.blade.php: Impossibile estrarre namespace/classe
ERRORE - /var/www/html/saluteora/laravel/Modules/Job/resources_old/views/components/icon-button.blade.php: Impossibile estrarre namespace/classe
ERRORE - /var/www/html/saluteora/laravel/Modules/Job/resources_old/views/components/repeater-table.blade.php: Impossibile estrarre namespace/classe
ERRORE - /var/www/html/saluteora/laravel/Modules/Job/resources_old/views/filament/columns/schedule-arguments.blade.php: Impossibile estrarre namespace/classe
ERRORE - /var/www/html/saluteora/laravel/Modules/Job/resources_old/views/filament/pages/dashboard.blade.php: Impossibile estrarre namespace/classe
ERRORE - /var/www/html/saluteora/laravel/Modules/Job/resources_old/views/filament/pages/job-monitor.blade.php: Impossibile estrarre namespace/classe
ERRORE - /var/www/html/saluteora/laravel/Modules/Job/resources_old/views/filament/pages/job-status.blade.php: Impossibile estrarre namespace/classe
ERRORE - /var/www/html/saluteora/laravel/Modules/Job/resources_old/views/filament/tables/columns/array/item.blade.php: Impossibile estrarre namespace/classe
ERRORE - /var/www/html/saluteora/laravel/Modules/Job/resources_old/views/filament/tables/columns/array.blade.php: Impossibile estrarre namespace/classe
ERRORE - /var/www/html/saluteora/laravel/Modules/Job/resources_old/views/filament/widgets/clock-widget.blade.php: Impossibile estrarre namespace/classe
ERRORE - /var/www/html/saluteora/laravel/Modules/Job/resources_old/views/filament/widgets/queue-listen.blade.php: Impossibile estrarre namespace/classe
ERRORE - /var/www/html/saluteora/laravel/Modules/Job/resources_old/views/index.blade.php: Impossibile estrarre namespace/classe
ERRORE - /var/www/html/saluteora/laravel/Modules/Job/resources_old/views/layouts/master.blade.php: Impossibile estrarre namespace/classe
ERRORE - /var/www/html/saluteora/laravel/Modules/Job/resources_old/views/livewire/broad.blade.php: Impossibile estrarre namespace/classe
ERRORE - /var/www/html/saluteora/laravel/Modules/Job/resources_old/views/livewire/job/status.blade.php: Impossibile estrarre namespace/classe
ERRORE - /var/www/html/saluteora/laravel/Modules/Job/resources_old/views/livewire/modal/schedule/create.blade.php: Impossibile estrarre namespace/classe
ERRORE - /var/www/html/saluteora/laravel/Modules/Job/resources_old/views/livewire/schedule/create.blade.php: Impossibile estrarre namespace/classe
ERRORE - /var/www/html/saluteora/laravel/Modules/Job/resources_old/views/livewire/schedule/crud.blade.php: Impossibile estrarre namespace/classe
ERRORE - /var/www/html/saluteora/laravel/Modules/Job/resources_old/views/livewire/schedule/status.blade.php: Impossibile estrarre namespace/classe
ERRORE - /var/www/html/saluteora/laravel/Modules/Job/routes/api.php: Impossibile estrarre namespace/classe
ERRORE - /var/www/html/saluteora/laravel/Modules/Job/routes/web.php: Impossibile estrarre namespace/classe
ERRORE - /var/www/html/saluteora/laravel/Modules/Job/routes_old/api.php: Impossibile estrarre namespace/classe
ERRORE - /var/www/html/saluteora/laravel/Modules/Job/routes_old/web.php: Impossibile estrarre namespace/classe
ERRORE - /var/www/html/saluteora/laravel/Modules/Lang/.php-cs-fixer.dist.php: Impossibile estrarre namespace/classe
ERRORE - /var/www/html/saluteora/laravel/Modules/Lang/.php-cs-fixer.php: Impossibile estrarre namespace/classe
ERRORE - /var/www/html/saluteora/laravel/Modules/Lang/.vscode/.php-cs-fixer.php: Impossibile estrarre namespace/classe
ERRORE - /var/www/html/saluteora/laravel/Modules/Lang/config/config.php: Impossibile estrarre namespace/classe
ERRORE - /var/www/html/saluteora/laravel/Modules/Lang/lang/it/lang_service.php: Impossibile estrarre namespace/classe
ERRORE - /var/www/html/saluteora/laravel/Modules/Lang/lang/it/translation.php: Impossibile estrarre namespace/classe
ERRORE - /var/www/html/saluteora/laravel/Modules/Lang/lang/it/translations.php: Impossibile estrarre namespace/classe
ERRORE - /var/www/html/saluteora/laravel/Modules/Lang/lang/it/txt.php: Impossibile estrarre namespace/classe
ERRORE - /var/www/html/saluteora/laravel/Modules/Lang/lang/lang/it/lang_service.php: Impossibile estrarre namespace/classe
ERRORE - /var/www/html/saluteora/laravel/Modules/Lang/lang/lang/it/translation.php: Impossibile estrarre namespace/classe
ERRORE - /var/www/html/saluteora/laravel/Modules/Lang/lang/lang/it/translations.php: Impossibile estrarre namespace/classe
ERRORE - /var/www/html/saluteora/laravel/Modules/Lang/phpstan_constants.php: Impossibile estrarre namespace/classe
ERRORE - /var/www/html/saluteora/laravel/Modules/Lang/rector.php: Impossibile estrarre namespace/classe
ERRORE - /var/www/html/saluteora/laravel/Modules/Lang/resources/lang/it/lang_service.php: Impossibile estrarre namespace/classe
ERRORE - /var/www/html/saluteora/laravel/Modules/Lang/resources/lang/it/translation.php: Impossibile estrarre namespace/classe
ERRORE - /var/www/html/saluteora/laravel/Modules/Lang/resources/lang/it/translations.php: Impossibile estrarre namespace/classe
ERRORE - /var/www/html/saluteora/laravel/Modules/Lang/resources/views/admin/dashboard/item.blade.php: Impossibile estrarre namespace/classe
ERRORE - /var/www/html/saluteora/laravel/Modules/Lang/resources/views/components/flag.blade.php: Impossibile estrarre namespace/classe
ERRORE - /var/www/html/saluteora/laravel/Modules/Lang/resources/views/filament/pages/dashboard.blade.php: Impossibile estrarre namespace/classe
ERRORE - /var/www/html/saluteora/laravel/Modules/Lang/resources/views/index.blade.php: Impossibile estrarre namespace/classe
ERRORE - /var/www/html/saluteora/laravel/Modules/Lang/resources/views/layouts/master.blade.php: Impossibile estrarre namespace/classe
ERRORE - /var/www/html/saluteora/laravel/Modules/Lang/resources/views/livewire/lang/change.blade.php: Impossibile estrarre namespace/classe
ERRORE - /var/www/html/saluteora/laravel/Modules/Lang/routes/api.php: Impossibile estrarre namespace/classe
ERRORE - /var/www/html/saluteora/laravel/Modules/Lang/routes/web.php: Impossibile estrarre namespace/classe
ERRORE - /var/www/html/saluteora/laravel/Modules/Media/config/config.php: Impossibile estrarre namespace/classe
ERRORE - /var/www/html/saluteora/laravel/Modules/Media/database/migrations/2022_01_01_000000_create_media_converts_table.php: Impossibile estrarre namespace/classe
ERRORE - /var/www/html/saluteora/laravel/Modules/Media/database/migrations/2022_01_01_000011_create_medias_table.php: Impossibile estrarre namespace/classe
ERRORE - /var/www/html/saluteora/laravel/Modules/Media/database/migrations/2023_01_01_000000_create_temporary_uploads_table.php: Impossibile estrarre namespace/classe
ERRORE - /var/www/html/saluteora/laravel/Modules/Media/docs/archived/config.php: Impossibile estrarre namespace/classe
ERRORE - /var/www/html/saluteora/laravel/Modules/Media/lang/it/actions.php: Impossibile estrarre namespace/classe
ERRORE - /var/www/html/saluteora/laravel/Modules/Media/lang/it/add_attachment_action.php: Impossibile estrarre namespace/classe
ERRORE - /var/www/html/saluteora/laravel/Modules/Media/lang/it/attachment.php: Impossibile estrarre namespace/classe
ERRORE - /var/www/html/saluteora/laravel/Modules/Media/lang/it/media.php: Impossibile estrarre namespace/classe
ERRORE - /var/www/html/saluteora/laravel/Modules/Media/lang/it/media_convert.php: Impossibile estrarre namespace/classe
ERRORE - /var/www/html/saluteora/laravel/Modules/Media/lang/it/medium.php: Impossibile estrarre namespace/classe
ERRORE - /var/www/html/saluteora/laravel/Modules/Media/lang/it/temporary_upload.php: Impossibile estrarre namespace/classe
ERRORE - /var/www/html/saluteora/laravel/Modules/Media/phpstan_constants.php: Impossibile estrarre namespace/classe
ERRORE - /var/www/html/saluteora/laravel/Modules/Media/resources/views/filament/infolists/video-entry.blade.php: Impossibile estrarre namespace/classe
ERRORE - /var/www/html/saluteora/laravel/Modules/Media/resources/views/filament/pages/dashboard.blade.php: Impossibile estrarre namespace/classe
ERRORE - /var/www/html/saluteora/laravel/Modules/Media/resources/views/filament/widgets/convert.blade.php: Impossibile estrarre namespace/classe
ERRORE - /var/www/html/saluteora/laravel/Modules/Media/resources/views/index.blade.php: Impossibile estrarre namespace/classe
ERRORE - /var/www/html/saluteora/laravel/Modules/Media/resources/views/layouts/master.blade.php: Impossibile estrarre namespace/classe
ERRORE - /var/www/html/saluteora/laravel/Modules/Media/routes/api.php: Impossibile estrarre namespace/classe
ERRORE - /var/www/html/saluteora/laravel/Modules/Media/routes/web.php: Impossibile estrarre namespace/classe
ERRORE - /var/www/html/saluteora/laravel/Modules/Notify/.php-cs-fixer.dist - Copia.php: Impossibile estrarre namespace/classe
ERRORE - /var/www/html/saluteora/laravel/Modules/Notify/.php-cs-fixer.dist.php: Impossibile estrarre namespace/classe
ERRORE - /var/www/html/saluteora/laravel/Modules/Notify/.php-cs-fixer.php: Impossibile estrarre namespace/classe
ERRORE - /var/www/html/saluteora/laravel/Modules/Notify/.vscode/.php-cs-fixer.php: Impossibile estrarre namespace/classe
ERRORE - /var/www/html/saluteora/laravel/Modules/Notify/config/Config/beautymail.php: Impossibile estrarre namespace/classe
ERRORE - /var/www/html/saluteora/laravel/Modules/Notify/config/Config/config.php: Impossibile estrarre namespace/classe
ERRORE - /var/www/html/saluteora/laravel/Modules/Notify/config/beautymail.php: Impossibile estrarre namespace/classe
ERRORE - /var/www/html/saluteora/laravel/Modules/Notify/config/config.php: Impossibile estrarre namespace/classe
ERRORE - /var/www/html/saluteora/laravel/Modules/Notify/database/migrations/2020_01_01_000007_create_notify_themes_table.php: Impossibile estrarre namespace/classe
ERRORE - /var/www/html/saluteora/laravel/Modules/Notify/database/migrations/2022_10_12_133532_create_notifications_table.php: Impossibile estrarre namespace/classe
ERRORE - /var/www/html/saluteora/laravel/Modules/Notify/database/migrations/2022_10_12_133535_create_notify_contacts_table.php: Impossibile estrarre namespace/classe
ERRORE - /var/www/html/saluteora/laravel/Modules/Notify/database/migrations/2022_11_24_000002_create_notify_themeables_table.php: Impossibile estrarre namespace/classe
ERRORE - /var/www/html/saluteora/laravel/Modules/Notify/lang/it/channel.php: Impossibile estrarre namespace/classe
ERRORE - /var/www/html/saluteora/laravel/Modules/Notify/lang/it/contact.php: Impossibile estrarre namespace/classe
ERRORE - /var/www/html/saluteora/laravel/Modules/Notify/lang/it/contacts.php: Impossibile estrarre namespace/classe
ERRORE - /var/www/html/saluteora/laravel/Modules/Notify/lang/it/dashboard.php: Impossibile estrarre namespace/classe
ERRORE - /var/www/html/saluteora/laravel/Modules/Notify/lang/it/notification.php: Impossibile estrarre namespace/classe
ERRORE - /var/www/html/saluteora/laravel/Modules/Notify/lang/it/notify.php: Impossibile estrarre namespace/classe
ERRORE - /var/www/html/saluteora/laravel/Modules/Notify/lang/it/notify_theme.php: Impossibile estrarre namespace/classe
ERRORE - /var/www/html/saluteora/laravel/Modules/Notify/lang/it/notify_themes.php: Impossibile estrarre namespace/classe
ERRORE - /var/www/html/saluteora/laravel/Modules/Notify/lang/it/send_email.php: Impossibile estrarre namespace/classe
ERRORE - /var/www/html/saluteora/laravel/Modules/Notify/lang/it/send_email_parameters.php: Impossibile estrarre namespace/classe
ERRORE - /var/www/html/saluteora/laravel/Modules/Notify/lang/it/send_push_notification.php: Impossibile estrarre namespace/classe
ERRORE - /var/www/html/saluteora/laravel/Modules/Notify/lang/it/send_telegram.php: Impossibile estrarre namespace/classe
ERRORE - /var/www/html/saluteora/laravel/Modules/Notify/lang/it/template.php: Impossibile estrarre namespace/classe
ERRORE - /var/www/html/saluteora/laravel/Modules/Notify/lang/it/test_smtp.php: Impossibile estrarre namespace/classe
ERRORE - /var/www/html/saluteora/laravel/Modules/Notify/phpstan_constants.php: Impossibile estrarre namespace/classe
ERRORE - /var/www/html/saluteora/laravel/Modules/Notify/rector.php: Impossibile estrarre namespace/classe
ERRORE - /var/www/html/saluteora/laravel/Modules/Notify/resources/views/admin/dashboard/item.blade.php: Impossibile estrarre namespace/classe
ERRORE - /var/www/html/saluteora/laravel/Modules/Notify/resources/views/admin/home/acts/try_alert.blade.php: Impossibile estrarre namespace/classe
ERRORE - /var/www/html/saluteora/laravel/Modules/Notify/resources/views/admin/index/acts/manage_template.blade.php: Impossibile estrarre namespace/classe
ERRORE - /var/www/html/saluteora/laravel/Modules/Notify/resources/views/components/mail/message.blade.php: Impossibile estrarre namespace/classe
ERRORE - /var/www/html/saluteora/laravel/Modules/Notify/resources/views/email.blade.php: Impossibile estrarre namespace/classe
ERRORE - /var/www/html/saluteora/laravel/Modules/Notify/resources/views/emails/email-data-email.blade.php: Impossibile estrarre namespace/classe
ERRORE - /var/www/html/saluteora/laravel/Modules/Notify/resources/views/emails/html.blade.php: Impossibile estrarre namespace/classe
ERRORE - /var/www/html/saluteora/laravel/Modules/Notify/resources/views/emails/samples/ark.blade.php: Impossibile estrarre namespace/classe
ERRORE - /var/www/html/saluteora/laravel/Modules/Notify/resources/views/emails/samples/minty.blade.php: Impossibile estrarre namespace/classe
ERRORE - /var/www/html/saluteora/laravel/Modules/Notify/resources/views/emails/samples/sunny.blade.php: Impossibile estrarre namespace/classe
ERRORE - /var/www/html/saluteora/laravel/Modules/Notify/resources/views/emails/samples/widgets.blade.php: Impossibile estrarre namespace/classe
ERRORE - /var/www/html/saluteora/laravel/Modules/Notify/resources/views/emails/template.blade.php: Impossibile estrarre namespace/classe
ERRORE - /var/www/html/saluteora/laravel/Modules/Notify/resources/views/emails/templates/ark/contentEnd.blade.php: Impossibile estrarre namespace/classe
ERRORE - /var/www/html/saluteora/laravel/Modules/Notify/resources/views/emails/templates/ark/contentStart.blade.php: Impossibile estrarre namespace/classe
ERRORE - /var/www/html/saluteora/laravel/Modules/Notify/resources/views/emails/templates/ark/heading.blade.php: Impossibile estrarre namespace/classe
ERRORE - /var/www/html/saluteora/laravel/Modules/Notify/resources/views/emails/templates/ark/mail.blade.php: Impossibile estrarre namespace/classe
ERRORE - /var/www/html/saluteora/laravel/Modules/Notify/resources/views/emails/templates/ark/wideImage.blade.php: Impossibile estrarre namespace/classe
ERRORE - /var/www/html/saluteora/laravel/Modules/Notify/resources/views/emails/templates/ark.blade.php: Impossibile estrarre namespace/classe
ERRORE - /var/www/html/saluteora/laravel/Modules/Notify/resources/views/emails/templates/empty.blade.php: Impossibile estrarre namespace/classe
ERRORE - /var/www/html/saluteora/laravel/Modules/Notify/resources/views/emails/templates/item.blade.php: Impossibile estrarre namespace/classe
ERRORE - /var/www/html/saluteora/laravel/Modules/Notify/resources/views/emails/templates/minty/button.blade.php: Impossibile estrarre namespace/classe
ERRORE - /var/www/html/saluteora/laravel/Modules/Notify/resources/views/emails/templates/minty/contentCenteredEnd.blade.php: Impossibile estrarre namespace/classe
ERRORE - /var/www/html/saluteora/laravel/Modules/Notify/resources/views/emails/templates/minty/contentCenteredStart.blade.php: Impossibile estrarre namespace/classe
ERRORE - /var/www/html/saluteora/laravel/Modules/Notify/resources/views/emails/templates/minty/contentEnd.blade.php: Impossibile estrarre namespace/classe
ERRORE - /var/www/html/saluteora/laravel/Modules/Notify/resources/views/emails/templates/minty/contentStart.blade.php: Impossibile estrarre namespace/classe
ERRORE - /var/www/html/saluteora/laravel/Modules/Notify/resources/views/emails/templates/minty/mail.blade.php: Impossibile estrarre namespace/classe
ERRORE - /var/www/html/saluteora/laravel/Modules/Notify/resources/views/emails/templates/minty.blade.php: Impossibile estrarre namespace/classe
ERRORE - /var/www/html/saluteora/laravel/Modules/Notify/resources/views/emails/templates/sunny/button.blade.php: Impossibile estrarre namespace/classe
ERRORE - /var/www/html/saluteora/laravel/Modules/Notify/resources/views/emails/templates/sunny/contentEnd.blade.php: Impossibile estrarre namespace/classe
ERRORE - /var/www/html/saluteora/laravel/Modules/Notify/resources/views/emails/templates/sunny/contentStart.blade.php: Impossibile estrarre namespace/classe
ERRORE - /var/www/html/saluteora/laravel/Modules/Notify/resources/views/emails/templates/sunny/heading.blade.php: Impossibile estrarre namespace/classe
ERRORE - /var/www/html/saluteora/laravel/Modules/Notify/resources/views/emails/templates/sunny/mail.blade.php: Impossibile estrarre namespace/classe
ERRORE - /var/www/html/saluteora/laravel/Modules/Notify/resources/views/emails/templates/sunny/wideImage.blade.php: Impossibile estrarre namespace/classe
ERRORE - /var/www/html/saluteora/laravel/Modules/Notify/resources/views/emails/templates/sunny.blade.php: Impossibile estrarre namespace/classe
ERRORE - /var/www/html/saluteora/laravel/Modules/Notify/resources/views/emails/templates/widgets/articleEnd.blade.php: Impossibile estrarre namespace/classe
ERRORE - /var/www/html/saluteora/laravel/Modules/Notify/resources/views/emails/templates/widgets/articleStart.blade.php: Impossibile estrarre namespace/classe
ERRORE - /var/www/html/saluteora/laravel/Modules/Notify/resources/views/emails/templates/widgets/mail.blade.php: Impossibile estrarre namespace/classe
ERRORE - /var/www/html/saluteora/laravel/Modules/Notify/resources/views/emails/templates/widgets/newfeatureEnd.blade.php: Impossibile estrarre namespace/classe
ERRORE - /var/www/html/saluteora/laravel/Modules/Notify/resources/views/emails/templates/widgets/newfeatureStart.blade.php: Impossibile estrarre namespace/classe
ERRORE - /var/www/html/saluteora/laravel/Modules/Notify/resources/views/emails/templates/widgets.blade.php: Impossibile estrarre namespace/classe
ERRORE - /var/www/html/saluteora/laravel/Modules/Notify/resources/views/emails/text.blade.php: Impossibile estrarre namespace/classe
ERRORE - /var/www/html/saluteora/laravel/Modules/Notify/resources/views/emails/welcome.blade.php: Impossibile estrarre namespace/classe
ERRORE - /var/www/html/saluteora/laravel/Modules/Notify/resources/views/filament/clusters/test/pages/slack-notification.blade.php: Impossibile estrarre namespace/classe
ERRORE - /var/www/html/saluteora/laravel/Modules/Notify/resources/views/filament/pages/dashboard.blade.php: Impossibile estrarre namespace/classe
ERRORE - /var/www/html/saluteora/laravel/Modules/Notify/resources/views/filament/pages/send-email-parameters.blade.php: Impossibile estrarre namespace/classe
ERRORE - /var/www/html/saluteora/laravel/Modules/Notify/resources/views/filament/pages/send-email.blade.php: Impossibile estrarre namespace/classe
ERRORE - /var/www/html/saluteora/laravel/Modules/Notify/resources/views/filament/pages/send-push-notification.blade.php: Impossibile estrarre namespace/classe
ERRORE - /var/www/html/saluteora/laravel/Modules/Notify/resources/views/filament/pages/setting.blade.php: Impossibile estrarre namespace/classe
ERRORE - /var/www/html/saluteora/laravel/Modules/Notify/resources/views/index.blade.php: Impossibile estrarre namespace/classe
ERRORE - /var/www/html/saluteora/laravel/Modules/Notify/resources/views/layouts/ark.blade.php: Impossibile estrarre namespace/classe
ERRORE - /var/www/html/saluteora/laravel/Modules/Notify/resources/views/layouts/empty.blade.php: Impossibile estrarre namespace/classe
ERRORE - /var/www/html/saluteora/laravel/Modules/Notify/resources/views/layouts/master.blade.php: Impossibile estrarre namespace/classe
ERRORE - /var/www/html/saluteora/laravel/Modules/Notify/resources/views/livewire/database-notifications-trigger.blade.php: Impossibile estrarre namespace/classe
ERRORE - /var/www/html/saluteora/laravel/Modules/Notify/resources/views/notifications/html.blade.php: Impossibile estrarre namespace/classe
ERRORE - /var/www/html/saluteora/laravel/Modules/Notify/routes/api.php: Impossibile estrarre namespace/classe
ERRORE - /var/www/html/saluteora/laravel/Modules/Notify/routes/web.php: Impossibile estrarre namespace/classe
ERRORE - /var/www/html/saluteora/laravel/Modules/Patient/config/config.php: Impossibile estrarre namespace/classe
ERRORE - /var/www/html/saluteora/laravel/Modules/Patient/resources/views/index.blade.php: Impossibile estrarre namespace/classe
ERRORE - /var/www/html/saluteora/laravel/Modules/Patient/resources/views/layouts/master.blade.php: Impossibile estrarre namespace/classe
ERRORE - /var/www/html/saluteora/laravel/Modules/Patient/routes/api.php: Impossibile estrarre namespace/classe
ERRORE - /var/www/html/saluteora/laravel/Modules/Patient/routes/web.php: Impossibile estrarre namespace/classe
ERRORE - /var/www/html/saluteora/laravel/Modules/Tenant/.php-cs-fixer.dist.php: Impossibile estrarre namespace/classe
ERRORE - /var/www/html/saluteora/laravel/Modules/Tenant/.php-cs-fixer.php: Impossibile estrarre namespace/classe
ERRORE - /var/www/html/saluteora/laravel/Modules/Tenant/.php_cs.dist.php: Impossibile estrarre namespace/classe
ERRORE - /var/www/html/saluteora/laravel/Modules/Tenant/.vscode/.php-cs-fixer.php: Impossibile estrarre namespace/classe
ERRORE - /var/www/html/saluteora/laravel/Modules/Tenant/config/config.php: Impossibile estrarre namespace/classe
ERRORE - /var/www/html/saluteora/laravel/Modules/Tenant/config/metatag.php: Impossibile estrarre namespace/classe
ERRORE - /var/www/html/saluteora/laravel/Modules/Tenant/config/test.php: Impossibile estrarre namespace/classe
ERRORE - /var/www/html/saluteora/laravel/Modules/Tenant/config/xra.php: Impossibile estrarre namespace/classe
ERRORE - /var/www/html/saluteora/laravel/Modules/Tenant/lang/it/domain.php: Impossibile estrarre namespace/classe
ERRORE - /var/www/html/saluteora/laravel/Modules/Tenant/lang/it/tenant.php: Impossibile estrarre namespace/classe
ERRORE - /var/www/html/saluteora/laravel/Modules/Tenant/phpstan_constants.php: Impossibile estrarre namespace/classe
ERRORE - /var/www/html/saluteora/laravel/Modules/Tenant/rector.php: Impossibile estrarre namespace/classe
ERRORE - /var/www/html/saluteora/laravel/Modules/Tenant/resources/views/admin/dashboard/item.blade.php: Impossibile estrarre namespace/classe
ERRORE - /var/www/html/saluteora/laravel/Modules/Tenant/resources/views/filament/pages/dashboard.blade.php: Impossibile estrarre namespace/classe
ERRORE - /var/www/html/saluteora/laravel/Modules/Tenant/resources/views/index.blade.php: Impossibile estrarre namespace/classe
ERRORE - /var/www/html/saluteora/laravel/Modules/Tenant/resources/views/layouts/master.blade.php: Impossibile estrarre namespace/classe
ERRORE - /var/www/html/saluteora/laravel/Modules/Tenant/routes/api.php: Impossibile estrarre namespace/classe
ERRORE - /var/www/html/saluteora/laravel/Modules/Tenant/routes/web.php: Impossibile estrarre namespace/classe
ERRORE - /var/www/html/saluteora/laravel/Modules/ThemeOne/layouts/auth.blade.php: Impossibile estrarre namespace/classe
ERRORE - /var/www/html/saluteora/laravel/Modules/ThemeOne/layouts/base.blade.php: Impossibile estrarre namespace/classe
ERRORE - /var/www/html/saluteora/laravel/Modules/ThemeOne/livewire/auth/login.blade.php: Impossibile estrarre namespace/classe
ERRORE - /var/www/html/saluteora/laravel/Modules/UI/.php-cs-fixer.dist.php: Impossibile estrarre namespace/classe
ERRORE - /var/www/html/saluteora/laravel/Modules/UI/.php-cs-fixer.php: Impossibile estrarre namespace/classe
ERRORE - /var/www/html/saluteora/laravel/Modules/UI/.vscode/.php-cs-fixer.php: Impossibile estrarre namespace/classe
ERRORE - /var/www/html/saluteora/laravel/Modules/UI/config/config.php: Impossibile estrarre namespace/classe
ERRORE - /var/www/html/saluteora/laravel/Modules/UI/lang/ar/filament-navigation.php: Impossibile estrarre namespace/classe
ERRORE - /var/www/html/saluteora/laravel/Modules/UI/lang/cs/filament-navigation.php: Impossibile estrarre namespace/classe
ERRORE - /var/www/html/saluteora/laravel/Modules/UI/lang/de/filament-navigation.php: Impossibile estrarre namespace/classe
ERRORE - /var/www/html/saluteora/laravel/Modules/UI/lang/en/filament-navigation.php: Impossibile estrarre namespace/classe
ERRORE - /var/www/html/saluteora/laravel/Modules/UI/lang/es/filament-navigation.php: Impossibile estrarre namespace/classe
ERRORE - /var/www/html/saluteora/laravel/Modules/UI/lang/fr/filament-navigation.php: Impossibile estrarre namespace/classe
ERRORE - /var/www/html/saluteora/laravel/Modules/UI/lang/it/corner-position.php: Impossibile estrarre namespace/classe
ERRORE - /var/www/html/saluteora/laravel/Modules/UI/lang/it/filament-navigation.php: Impossibile estrarre namespace/classe
ERRORE - /var/www/html/saluteora/laravel/Modules/UI/lang/it/heading.php: Impossibile estrarre namespace/classe
ERRORE - /var/www/html/saluteora/laravel/Modules/UI/lang/it/hero.php: Impossibile estrarre namespace/classe
ERRORE - /var/www/html/saluteora/laravel/Modules/UI/lang/it/icon_picker.php: Impossibile estrarre namespace/classe
ERRORE - /var/www/html/saluteora/laravel/Modules/UI/lang/it/image.php: Impossibile estrarre namespace/classe
ERRORE - /var/www/html/saluteora/laravel/Modules/UI/lang/it/image_spatie.php: Impossibile estrarre namespace/classe
ERRORE - /var/www/html/saluteora/laravel/Modules/UI/lang/it/images_gallery.php: Impossibile estrarre namespace/classe
ERRORE - /var/www/html/saluteora/laravel/Modules/UI/lang/it/paragraph.php: Impossibile estrarre namespace/classe
ERRORE - /var/www/html/saluteora/laravel/Modules/UI/lang/it/slider.php: Impossibile estrarre namespace/classe
ERRORE - /var/www/html/saluteora/laravel/Modules/UI/lang/it/table_layout_toggle_table.php: Impossibile estrarre namespace/classe
ERRORE - /var/www/html/saluteora/laravel/Modules/UI/lang/it/title.php: Impossibile estrarre namespace/classe
ERRORE - /var/www/html/saluteora/laravel/Modules/UI/lang/it/txt.php: Impossibile estrarre namespace/classe
ERRORE - /var/www/html/saluteora/laravel/Modules/UI/lang/it/ui.php: Impossibile estrarre namespace/classe
ERRORE - /var/www/html/saluteora/laravel/Modules/UI/lang/it/video_spatie.php: Impossibile estrarre namespace/classe
ERRORE - /var/www/html/saluteora/laravel/Modules/UI/lang/nl/filament-navigation.php: Impossibile estrarre namespace/classe
ERRORE - /var/www/html/saluteora/laravel/Modules/UI/lang/pt_BR/filament-navigation.php: Impossibile estrarre namespace/classe
ERRORE - /var/www/html/saluteora/laravel/Modules/UI/lang/pt_PT/filament-navigation.php: Impossibile estrarre namespace/classe
ERRORE - /var/www/html/saluteora/laravel/Modules/UI/lang/ru/filament-navigation.php: Impossibile estrarre namespace/classe
ERRORE - /var/www/html/saluteora/laravel/Modules/UI/phpstan_constants.php: Impossibile estrarre namespace/classe
ERRORE - /var/www/html/saluteora/laravel/Modules/UI/rector.php: Impossibile estrarre namespace/classe
ERRORE - /var/www/html/saluteora/laravel/Modules/UI/resources/views/alert.blade.php: Impossibile estrarre namespace/classe
ERRORE - /var/www/html/saluteora/laravel/Modules/UI/resources/views/components/blocks/blog/archivied/2_column_with_sign_up.blade.php: Impossibile estrarre namespace/classe
ERRORE - /var/www/html/saluteora/laravel/Modules/UI/resources/views/components/blocks/blog/archivied/3_column_cards.blade.php: Impossibile estrarre namespace/classe
ERRORE - /var/www/html/saluteora/laravel/Modules/UI/resources/views/components/blocks/blog/archivied/3_column_with_badges.blade.php: Impossibile estrarre namespace/classe
ERRORE - /var/www/html/saluteora/laravel/Modules/UI/resources/views/components/blocks/blog/single_column.blade.php: Impossibile estrarre namespace/classe
ERRORE - /var/www/html/saluteora/laravel/Modules/UI/resources/views/components/blocks/blog/single_column_with_images.blade.php: Impossibile estrarre namespace/classe
ERRORE - /var/www/html/saluteora/laravel/Modules/UI/resources/views/components/blocks/blog/three_column.blade.php: Impossibile estrarre namespace/classe
ERRORE - /var/www/html/saluteora/laravel/Modules/UI/resources/views/components/blocks/blog/three_column_with_background_images.blade.php: Impossibile estrarre namespace/classe
ERRORE - /var/www/html/saluteora/laravel/Modules/UI/resources/views/components/blocks/blog/three_column_with_images.blade.php: Impossibile estrarre namespace/classe
ERRORE - /var/www/html/saluteora/laravel/Modules/UI/resources/views/components/blocks/blog/with_featured_post.blade.php: Impossibile estrarre namespace/classe
ERRORE - /var/www/html/saluteora/laravel/Modules/UI/resources/views/components/blocks/blog/with_photo_and_list.blade.php: Impossibile estrarre namespace/classe
ERRORE - /var/www/html/saluteora/laravel/Modules/UI/resources/views/components/blocks/cta/archivied/brand_panel_with_app_screenshot.blade.php: Impossibile estrarre namespace/classe
ERRORE - /var/www/html/saluteora/laravel/Modules/UI/resources/views/components/blocks/cta/archivied/brand_panel_with_overlapping_image.blade.php: Impossibile estrarre namespace/classe
ERRORE - /var/www/html/saluteora/laravel/Modules/UI/resources/views/components/blocks/cta/centered_on_dark_panel.blade.php: Impossibile estrarre namespace/classe
ERRORE - /var/www/html/saluteora/laravel/Modules/UI/resources/views/components/blocks/cta/dark_panel_with_app_screenshot.blade.php: Impossibile estrarre namespace/classe
ERRORE - /var/www/html/saluteora/laravel/Modules/UI/resources/views/components/blocks/cta/simple_centered.blade.php: Impossibile estrarre namespace/classe
ERRORE - /var/www/html/saluteora/laravel/Modules/UI/resources/views/components/blocks/cta/simple_centered_on_brand.blade.php: Impossibile estrarre namespace/classe
ERRORE - /var/www/html/saluteora/laravel/Modules/UI/resources/views/components/blocks/cta/simple_centered_on_dark.blade.php: Impossibile estrarre namespace/classe
ERRORE - /var/www/html/saluteora/laravel/Modules/UI/resources/views/components/blocks/cta/simple_justified.blade.php: Impossibile estrarre namespace/classe
ERRORE - /var/www/html/saluteora/laravel/Modules/UI/resources/views/components/blocks/cta/simple_justified_on_light_brand.blade.php: Impossibile estrarre namespace/classe
ERRORE - /var/www/html/saluteora/laravel/Modules/UI/resources/views/components/blocks/cta/simple_stacked.blade.php: Impossibile estrarre namespace/classe
ERRORE - /var/www/html/saluteora/laravel/Modules/UI/resources/views/components/blocks/cta/split_with_image.blade.php: Impossibile estrarre namespace/classe
ERRORE - /var/www/html/saluteora/laravel/Modules/UI/resources/views/components/blocks/cta/two_columns_with_photo_on_dark.blade.php: Impossibile estrarre namespace/classe
ERRORE - /var/www/html/saluteora/laravel/Modules/UI/resources/views/components/blocks/cta/with_image_tiles.blade.php: Impossibile estrarre namespace/classe
ERRORE - /var/www/html/saluteora/laravel/Modules/UI/resources/views/components/blocks/feature_sections/archivied/4x2_grid_on_brand.blade.php: Impossibile estrarre namespace/classe
ERRORE - /var/www/html/saluteora/laravel/Modules/UI/resources/views/components/blocks/feature_sections/archivied/alternating_side_by_side_with_images.blade.php: Impossibile estrarre namespace/classe
ERRORE - /var/www/html/saluteora/laravel/Modules/UI/resources/views/components/blocks/feature_sections/archivied/alternating_with_optional_testimonial.blade.php: Impossibile estrarre namespace/classe
ERRORE - /var/www/html/saluteora/laravel/Modules/UI/resources/views/components/blocks/feature_sections/archivied/grid_with_offset_icons.blade.php: Impossibile estrarre namespace/classe
ERRORE - /var/www/html/saluteora/laravel/Modules/UI/resources/views/components/blocks/feature_sections/archivied/simple_three_column.blade.php: Impossibile estrarre namespace/classe
ERRORE - /var/www/html/saluteora/laravel/Modules/UI/resources/views/components/blocks/feature_sections/archivied/with_feature_grid_list.blade.php: Impossibile estrarre namespace/classe
ERRORE - /var/www/html/saluteora/laravel/Modules/UI/resources/views/components/blocks/feature_sections/centered_2x2_grid.blade.php: Impossibile estrarre namespace/classe
ERRORE - /var/www/html/saluteora/laravel/Modules/UI/resources/views/components/blocks/feature_sections/contained_in_panel.blade.php: Impossibile estrarre namespace/classe
ERRORE - /var/www/html/saluteora/laravel/Modules/UI/resources/views/components/blocks/feature_sections/offset_2x2_grid.blade.php: Impossibile estrarre namespace/classe
ERRORE - /var/www/html/saluteora/laravel/Modules/UI/resources/views/components/blocks/feature_sections/offset_with_feature_list.blade.php: Impossibile estrarre namespace/classe
ERRORE - /var/www/html/saluteora/laravel/Modules/UI/resources/views/components/blocks/feature_sections/simple.blade.php: Impossibile estrarre namespace/classe
ERRORE - /var/www/html/saluteora/laravel/Modules/UI/resources/views/components/blocks/feature_sections/simple_three_column_with_large_icons.blade.php: Impossibile estrarre namespace/classe
ERRORE - /var/www/html/saluteora/laravel/Modules/UI/resources/views/components/blocks/feature_sections/simple_three_column_with_large_icons_on_dark.blade.php: Impossibile estrarre namespace/classe
ERRORE - /var/www/html/saluteora/laravel/Modules/UI/resources/views/components/blocks/feature_sections/simple_three_column_with_small_icons.blade.php: Impossibile estrarre namespace/classe
ERRORE - /var/www/html/saluteora/laravel/Modules/UI/resources/views/components/blocks/feature_sections/simple_three_column_with_small_icons_on_dark.blade.php: Impossibile estrarre namespace/classe
ERRORE - /var/www/html/saluteora/laravel/Modules/UI/resources/views/components/blocks/feature_sections/simple_two_column_with_small_icons_on_dark.blade.php: Impossibile estrarre namespace/classe
ERRORE - /var/www/html/saluteora/laravel/Modules/UI/resources/views/components/blocks/feature_sections/with_code_example_panel.blade.php: Impossibile estrarre namespace/classe
ERRORE - /var/www/html/saluteora/laravel/Modules/UI/resources/views/components/blocks/feature_sections/with_large_screenshot.blade.php: Impossibile estrarre namespace/classe
ERRORE - /var/www/html/saluteora/laravel/Modules/UI/resources/views/components/blocks/feature_sections/with_large_screenshot_on_dark.blade.php: Impossibile estrarre namespace/classe
ERRORE - /var/www/html/saluteora/laravel/Modules/UI/resources/views/components/blocks/feature_sections/with_product_screenshot.blade.php: Impossibile estrarre namespace/classe
ERRORE - /var/www/html/saluteora/laravel/Modules/UI/resources/views/components/blocks/feature_sections/with_product_screenshot_on_dark.blade.php: Impossibile estrarre namespace/classe
ERRORE - /var/www/html/saluteora/laravel/Modules/UI/resources/views/components/blocks/feature_sections/with_product_screenshot_on_left.blade.php: Impossibile estrarre namespace/classe
ERRORE - /var/www/html/saluteora/laravel/Modules/UI/resources/views/components/blocks/feature_sections/with_product_screenshot_panel.blade.php: Impossibile estrarre namespace/classe
ERRORE - /var/www/html/saluteora/laravel/Modules/UI/resources/views/components/blocks/feature_sections/with_testimonial.blade.php: Impossibile estrarre namespace/classe
ERRORE - /var/www/html/saluteora/laravel/Modules/UI/resources/views/components/blocks/header/archivied/branded_with_background_image.blade.php: Impossibile estrarre namespace/classe
ERRORE - /var/www/html/saluteora/laravel/Modules/UI/resources/views/components/blocks/header/archivied/simple_with_select_menu.blade.php: Impossibile estrarre namespace/classe
ERRORE - /var/www/html/saluteora/laravel/Modules/UI/resources/views/components/blocks/header/archivied/simple_with_select_menu_dark.blade.php: Impossibile estrarre namespace/classe
ERRORE - /var/www/html/saluteora/laravel/Modules/UI/resources/views/components/blocks/header/archivied/with_background_image_and_overlapping_cards.blade.php: Impossibile estrarre namespace/classe
ERRORE - /var/www/html/saluteora/laravel/Modules/UI/resources/views/components/blocks/header/centered.blade.php: Impossibile estrarre namespace/classe
ERRORE - /var/www/html/saluteora/laravel/Modules/UI/resources/views/components/blocks/header/centered_on_dark.blade.php: Impossibile estrarre namespace/classe
ERRORE - /var/www/html/saluteora/laravel/Modules/UI/resources/views/components/blocks/header/centered_with_background_image.blade.php: Impossibile estrarre namespace/classe
ERRORE - /var/www/html/saluteora/laravel/Modules/UI/resources/views/components/blocks/header/centered_with_eyebrow.blade.php: Impossibile estrarre namespace/classe
ERRORE - /var/www/html/saluteora/laravel/Modules/UI/resources/views/components/blocks/header/simple.blade.php: Impossibile estrarre namespace/classe
ERRORE - /var/www/html/saluteora/laravel/Modules/UI/resources/views/components/blocks/header/simple_on_dark.blade.php: Impossibile estrarre namespace/classe
ERRORE - /var/www/html/saluteora/laravel/Modules/UI/resources/views/components/blocks/header/simple_with_background_image.blade.php: Impossibile estrarre namespace/classe
ERRORE - /var/www/html/saluteora/laravel/Modules/UI/resources/views/components/blocks/header/simple_with_eyebrow.blade.php: Impossibile estrarre namespace/classe
ERRORE - /var/www/html/saluteora/laravel/Modules/UI/resources/views/components/blocks/header/with_cards.blade.php: Impossibile estrarre namespace/classe
ERRORE - /var/www/html/saluteora/laravel/Modules/UI/resources/views/components/blocks/header/with_stats.blade.php: Impossibile estrarre namespace/classe
ERRORE - /var/www/html/saluteora/laravel/Modules/UI/resources/views/components/blocks/hero/card_with_background_image.blade.php: Impossibile estrarre namespace/classe
ERRORE - /var/www/html/saluteora/laravel/Modules/UI/resources/views/components/blocks/hero/dark_with_illustration.blade.php: Impossibile estrarre namespace/classe
ERRORE - /var/www/html/saluteora/laravel/Modules/UI/resources/views/components/blocks/hero/simple.blade.php: Impossibile estrarre namespace/classe
ERRORE - /var/www/html/saluteora/laravel/Modules/UI/resources/views/components/blocks/hero/simple_centered.blade.php: Impossibile estrarre namespace/classe
ERRORE - /var/www/html/saluteora/laravel/Modules/UI/resources/views/components/blocks/hero/simple_centered_with_background_image.blade.php: Impossibile estrarre namespace/classe
ERRORE - /var/www/html/saluteora/laravel/Modules/UI/resources/views/components/blocks/hero/split_with_code_example.blade.php: Impossibile estrarre namespace/classe
ERRORE - /var/www/html/saluteora/laravel/Modules/UI/resources/views/components/blocks/hero/split_with_image.blade.php: Impossibile estrarre namespace/classe
ERRORE - /var/www/html/saluteora/laravel/Modules/UI/resources/views/components/blocks/hero/split_with_navbar.blade.php: Impossibile estrarre namespace/classe
ERRORE - /var/www/html/saluteora/laravel/Modules/UI/resources/views/components/blocks/hero/split_with_screenshot.blade.php: Impossibile estrarre namespace/classe
ERRORE - /var/www/html/saluteora/laravel/Modules/UI/resources/views/components/blocks/hero/split_with_screenshot_on_dark.blade.php: Impossibile estrarre namespace/classe
ERRORE - /var/www/html/saluteora/laravel/Modules/UI/resources/views/components/blocks/hero/with_angled_image_on_right.blade.php: Impossibile estrarre namespace/classe
ERRORE - /var/www/html/saluteora/laravel/Modules/UI/resources/views/components/blocks/hero/with_app_screenshot.blade.php: Impossibile estrarre namespace/classe
ERRORE - /var/www/html/saluteora/laravel/Modules/UI/resources/views/components/blocks/hero/with_image_tiles.blade.php: Impossibile estrarre namespace/classe
ERRORE - /var/www/html/saluteora/laravel/Modules/UI/resources/views/components/blocks/hero/with_offset_image.blade.php: Impossibile estrarre namespace/classe
ERRORE - /var/www/html/saluteora/laravel/Modules/UI/resources/views/components/blocks/hero/with_phone_mockup.blade.php: Impossibile estrarre namespace/classe
ERRORE - /var/www/html/saluteora/laravel/Modules/UI/resources/views/components/blocks/hero/with_sign_in_form.blade.php: Impossibile estrarre namespace/classe
ERRORE - /var/www/html/saluteora/laravel/Modules/UI/resources/views/components/blocks/hero/with_sign_up_and_media_content.blade.php: Impossibile estrarre namespace/classe
ERRORE - /var/www/html/saluteora/laravel/Modules/UI/resources/views/components/blocks/image.blade.php: Impossibile estrarre namespace/classe
ERRORE - /var/www/html/saluteora/laravel/Modules/UI/resources/views/components/blocks/image_spatie.blade.php: Impossibile estrarre namespace/classe
ERRORE - /var/www/html/saluteora/laravel/Modules/UI/resources/views/components/blocks/images_gallery/v1.blade.php: Impossibile estrarre namespace/classe
ERRORE - /var/www/html/saluteora/laravel/Modules/UI/resources/views/components/blocks/images_gallery/v2.blade.php: Impossibile estrarre namespace/classe
ERRORE - /var/www/html/saluteora/laravel/Modules/UI/resources/views/components/blocks/images_gallery.blade.php: Impossibile estrarre namespace/classe
ERRORE - /var/www/html/saluteora/laravel/Modules/UI/resources/views/components/blocks/newsletter/archivied/centered_card_with_graphic.blade.php: Impossibile estrarre namespace/classe
ERRORE - /var/www/html/saluteora/laravel/Modules/UI/resources/views/components/blocks/newsletter/archivied/with_description_on_brand_card.blade.php: Impossibile estrarre namespace/classe
ERRORE - /var/www/html/saluteora/laravel/Modules/UI/resources/views/components/blocks/newsletter/archivied/with_paragraph_on_brand_card.blade.php: Impossibile estrarre namespace/classe
ERRORE - /var/www/html/saluteora/laravel/Modules/UI/resources/views/components/blocks/newsletter/centered_card.blade.php: Impossibile estrarre namespace/classe
ERRORE - /var/www/html/saluteora/laravel/Modules/UI/resources/views/components/blocks/newsletter/side_by_side_on_card.blade.php: Impossibile estrarre namespace/classe
ERRORE - /var/www/html/saluteora/laravel/Modules/UI/resources/views/components/blocks/newsletter/side_by_side_with_details.blade.php: Impossibile estrarre namespace/classe
ERRORE - /var/www/html/saluteora/laravel/Modules/UI/resources/views/components/blocks/newsletter/simple_side_by_side.blade.php: Impossibile estrarre namespace/classe
ERRORE - /var/www/html/saluteora/laravel/Modules/UI/resources/views/components/blocks/newsletter/simple_side_by_side_on_brand.blade.php: Impossibile estrarre namespace/classe
ERRORE - /var/www/html/saluteora/laravel/Modules/UI/resources/views/components/blocks/newsletter/simple_side_by_side_on_dark.blade.php: Impossibile estrarre namespace/classe
ERRORE - /var/www/html/saluteora/laravel/Modules/UI/resources/views/components/blocks/newsletter/simple_stacked.blade.php: Impossibile estrarre namespace/classe
ERRORE - /var/www/html/saluteora/laravel/Modules/UI/resources/views/components/blocks/paragraph/agid.blade.php: Impossibile estrarre namespace/classe
ERRORE - /var/www/html/saluteora/laravel/Modules/UI/resources/views/components/blocks/paragraph/simple.blade.php: Impossibile estrarre namespace/classe
ERRORE - /var/www/html/saluteora/laravel/Modules/UI/resources/views/components/blocks/paragraph.blade.php: Impossibile estrarre namespace/classe
ERRORE - /var/www/html/saluteora/laravel/Modules/UI/resources/views/components/blocks/pricing/archivied/split_with_brand_panel.blade.php: Impossibile estrarre namespace/classe
ERRORE - /var/www/html/saluteora/laravel/Modules/UI/resources/views/components/blocks/pricing/archivied/three_tiers_on_brand_and_feature_comparison.blade.php: Impossibile estrarre namespace/classe
ERRORE - /var/www/html/saluteora/laravel/Modules/UI/resources/views/components/blocks/pricing/archivied/three_tiers_with_emphasized_tier.blade.php: Impossibile estrarre namespace/classe
ERRORE - /var/www/html/saluteora/laravel/Modules/UI/resources/views/components/blocks/pricing/archivied/two_tiers_with_extra_tier.blade.php: Impossibile estrarre namespace/classe
ERRORE - /var/www/html/saluteora/laravel/Modules/UI/resources/views/components/blocks/pricing/four_tiers_with_toggle.blade.php: Impossibile estrarre namespace/classe
ERRORE - /var/www/html/saluteora/laravel/Modules/UI/resources/views/components/blocks/pricing/single_price_with_details.blade.php: Impossibile estrarre namespace/classe
ERRORE - /var/www/html/saluteora/laravel/Modules/UI/resources/views/components/blocks/pricing/three_tiers.blade.php: Impossibile estrarre namespace/classe
ERRORE - /var/www/html/saluteora/laravel/Modules/UI/resources/views/components/blocks/pricing/three_tiers_with_dividers.blade.php: Impossibile estrarre namespace/classe
ERRORE - /var/www/html/saluteora/laravel/Modules/UI/resources/views/components/blocks/pricing/three_tiers_with_emphasized_tier.blade.php: Impossibile estrarre namespace/classe
ERRORE - /var/www/html/saluteora/laravel/Modules/UI/resources/views/components/blocks/pricing/three_tiers_with_feature_comparison.blade.php: Impossibile estrarre namespace/classe
ERRORE - /var/www/html/saluteora/laravel/Modules/UI/resources/views/components/blocks/pricing/three_tiers_with_toggle.blade.php: Impossibile estrarre namespace/classe
ERRORE - /var/www/html/saluteora/laravel/Modules/UI/resources/views/components/blocks/pricing/three_tiers_with_toggle_on_dark.blade.php: Impossibile estrarre namespace/classe
ERRORE - /var/www/html/saluteora/laravel/Modules/UI/resources/views/components/blocks/pricing/two_tiers.blade.php: Impossibile estrarre namespace/classe
ERRORE - /var/www/html/saluteora/laravel/Modules/UI/resources/views/components/blocks/pricing/two_tiers_with_emphasized_tier.blade.php: Impossibile estrarre namespace/classe
ERRORE - /var/www/html/saluteora/laravel/Modules/UI/resources/views/components/blocks/pricing/two_tiers_with_extra_tier.blade.php: Impossibile estrarre namespace/classe
ERRORE - /var/www/html/saluteora/laravel/Modules/UI/resources/views/components/blocks/pricing/with_comparison_table.blade.php: Impossibile estrarre namespace/classe
ERRORE - /var/www/html/saluteora/laravel/Modules/UI/resources/views/components/blocks/pricing/with_comparison_table_on_dark.blade.php: Impossibile estrarre namespace/classe
ERRORE - /var/www/html/saluteora/laravel/Modules/UI/resources/views/components/blocks/slider/animation.blade.php: Impossibile estrarre namespace/classe
ERRORE - /var/www/html/saluteora/laravel/Modules/UI/resources/views/components/blocks/slider/controls.blade.php: Impossibile estrarre namespace/classe
ERRORE - /var/www/html/saluteora/laravel/Modules/UI/resources/views/components/blocks/slider/default_slider.blade.php: Impossibile estrarre namespace/classe
ERRORE - /var/www/html/saluteora/laravel/Modules/UI/resources/views/components/blocks/slider/indicators.blade.php: Impossibile estrarre namespace/classe
ERRORE - /var/www/html/saluteora/laravel/Modules/UI/resources/views/components/blocks/slider/swiper.blade.php: Impossibile estrarre namespace/classe
ERRORE - /var/www/html/saluteora/laravel/Modules/UI/resources/views/components/blocks/stats/archived/simple_in_card.blade.php: Impossibile estrarre namespace/classe
ERRORE - /var/www/html/saluteora/laravel/Modules/UI/resources/views/components/blocks/stats/archived/simple_on_brand.blade.php: Impossibile estrarre namespace/classe
ERRORE - /var/www/html/saluteora/laravel/Modules/UI/resources/views/components/blocks/stats/archived/split_with_image.blade.php: Impossibile estrarre namespace/classe
ERRORE - /var/www/html/saluteora/laravel/Modules/UI/resources/views/components/blocks/stats/archived/with_fading_background_image.blade.php: Impossibile estrarre namespace/classe
ERRORE - /var/www/html/saluteora/laravel/Modules/UI/resources/views/components/blocks/stats/simple.blade.php: Impossibile estrarre namespace/classe
ERRORE - /var/www/html/saluteora/laravel/Modules/UI/resources/views/components/blocks/stats/simple_grid.blade.php: Impossibile estrarre namespace/classe
ERRORE - /var/www/html/saluteora/laravel/Modules/UI/resources/views/components/blocks/stats/simple_grid_on_dark.blade.php: Impossibile estrarre namespace/classe
ERRORE - /var/www/html/saluteora/laravel/Modules/UI/resources/views/components/blocks/stats/simple_on_dark.blade.php: Impossibile estrarre namespace/classe
ERRORE - /var/www/html/saluteora/laravel/Modules/UI/resources/views/components/blocks/stats/split_with_image.blade.php: Impossibile estrarre namespace/classe
ERRORE - /var/www/html/saluteora/laravel/Modules/UI/resources/views/components/blocks/stats/stepped.blade.php: Impossibile estrarre namespace/classe
ERRORE - /var/www/html/saluteora/laravel/Modules/UI/resources/views/components/blocks/stats/timeline.blade.php: Impossibile estrarre namespace/classe
ERRORE - /var/www/html/saluteora/laravel/Modules/UI/resources/views/components/blocks/stats/with_background_image.blade.php: Impossibile estrarre namespace/classe
ERRORE - /var/www/html/saluteora/laravel/Modules/UI/resources/views/components/blocks/stats/with_description.blade.php: Impossibile estrarre namespace/classe
ERRORE - /var/www/html/saluteora/laravel/Modules/UI/resources/views/components/blocks/stats/with_two_column_description_on_dark.blade.php: Impossibile estrarre namespace/classe
ERRORE - /var/www/html/saluteora/laravel/Modules/UI/resources/views/components/blocks/testimonials/archivied/side_by_side_on_brand.blade.php: Impossibile estrarre namespace/classe
ERRORE - /var/www/html/saluteora/laravel/Modules/UI/resources/views/components/blocks/testimonials/grid.blade.php: Impossibile estrarre namespace/classe
ERRORE - /var/www/html/saluteora/laravel/Modules/UI/resources/views/components/blocks/testimonials/off_white_grid.blade.php: Impossibile estrarre namespace/classe
ERRORE - /var/www/html/saluteora/laravel/Modules/UI/resources/views/components/blocks/testimonials/side_by_side.blade.php: Impossibile estrarre namespace/classe
ERRORE - /var/www/html/saluteora/laravel/Modules/UI/resources/views/components/blocks/testimonials/side_by_side_on_dark.blade.php: Impossibile estrarre namespace/classe
ERRORE - /var/www/html/saluteora/laravel/Modules/UI/resources/views/components/blocks/testimonials/simple_centered.blade.php: Impossibile estrarre namespace/classe
ERRORE - /var/www/html/saluteora/laravel/Modules/UI/resources/views/components/blocks/testimonials/with_background_image.blade.php: Impossibile estrarre namespace/classe
ERRORE - /var/www/html/saluteora/laravel/Modules/UI/resources/views/components/blocks/testimonials/with_large_avatar.blade.php: Impossibile estrarre namespace/classe
ERRORE - /var/www/html/saluteora/laravel/Modules/UI/resources/views/components/blocks/testimonials/with_overlapping_image.blade.php: Impossibile estrarre namespace/classe
ERRORE - /var/www/html/saluteora/laravel/Modules/UI/resources/views/components/blocks/testimonials/with_star_rating.blade.php: Impossibile estrarre namespace/classe
ERRORE - /var/www/html/saluteora/laravel/Modules/UI/resources/views/components/blocks/title/v1.blade.php: Impossibile estrarre namespace/classe
ERRORE - /var/www/html/saluteora/laravel/Modules/UI/resources/views/components/blocks/title/v2.blade.php: Impossibile estrarre namespace/classe
ERRORE - /var/www/html/saluteora/laravel/Modules/UI/resources/views/components/blocks/title.blade.php: Impossibile estrarre namespace/classe
ERRORE - /var/www/html/saluteora/laravel/Modules/UI/resources/views/components/bread-link/v1.blade.php: Impossibile estrarre namespace/classe
ERRORE - /var/www/html/saluteora/laravel/Modules/UI/resources/views/components/buttons/go-home.blade.php: Impossibile estrarre namespace/classe
ERRORE - /var/www/html/saluteora/laravel/Modules/UI/resources/views/components/headernav/simple.blade.php: Impossibile estrarre namespace/classe
ERRORE - /var/www/html/saluteora/laravel/Modules/UI/resources/views/components/layouts/app.blade.php: Impossibile estrarre namespace/classe
ERRORE - /var/www/html/saluteora/laravel/Modules/UI/resources/views/components/layouts/main.blade.php: Impossibile estrarre namespace/classe
ERRORE - /var/www/html/saluteora/laravel/Modules/UI/resources/views/components/layouts/marketing.blade.php: Impossibile estrarre namespace/classe
ERRORE - /var/www/html/saluteora/laravel/Modules/UI/resources/views/components/logo/v1.blade.php: Impossibile estrarre namespace/classe
ERRORE - /var/www/html/saluteora/laravel/Modules/UI/resources/views/components/menu/v1.blade.php: Impossibile estrarre namespace/classe
ERRORE - /var/www/html/saluteora/laravel/Modules/UI/resources/views/components/nav-item.blade.php: Impossibile estrarre namespace/classe
ERRORE - /var/www/html/saluteora/laravel/Modules/UI/resources/views/components/nav-link.blade.php: Impossibile estrarre namespace/classe
ERRORE - /var/www/html/saluteora/laravel/Modules/UI/resources/views/components/page/with-sidebar/v1.blade.php: Impossibile estrarre namespace/classe
ERRORE - /var/www/html/saluteora/laravel/Modules/UI/resources/views/components/profile/dropdown.blade.php: Impossibile estrarre namespace/classe
ERRORE - /var/www/html/saluteora/laravel/Modules/UI/resources/views/components/render/block/v1.blade.php: Impossibile estrarre namespace/classe
ERRORE - /var/www/html/saluteora/laravel/Modules/UI/resources/views/components/render/blocks/v1.blade.php: Impossibile estrarre namespace/classe
ERRORE - /var/www/html/saluteora/laravel/Modules/UI/resources/views/components/render/blocks/v2.blade.php: Impossibile estrarre namespace/classe
ERRORE - /var/www/html/saluteora/laravel/Modules/UI/resources/views/components/std/banner.blade.php: Impossibile estrarre namespace/classe
ERRORE - /var/www/html/saluteora/laravel/Modules/UI/resources/views/components/std/button.blade.php: Impossibile estrarre namespace/classe
ERRORE - /var/www/html/saluteora/laravel/Modules/UI/resources/views/components/std/card.blade.php: Impossibile estrarre namespace/classe
ERRORE - /var/www/html/saluteora/laravel/Modules/UI/resources/views/components/std/container.blade.php: Impossibile estrarre namespace/classe
ERRORE - /var/www/html/saluteora/laravel/Modules/UI/resources/views/components/std/input.blade.php: Impossibile estrarre namespace/classe
ERRORE - /var/www/html/saluteora/laravel/Modules/UI/resources/views/components/std/menu.blade.php: Impossibile estrarre namespace/classe
ERRORE - /var/www/html/saluteora/laravel/Modules/UI/resources/views/components/std/post-footer.blade.php: Impossibile estrarre namespace/classe
ERRORE - /var/www/html/saluteora/laravel/Modules/UI/resources/views/components/std/post-meta.blade.php: Impossibile estrarre namespace/classe
ERRORE - /var/www/html/saluteora/laravel/Modules/UI/resources/views/components/std/render-block.blade.php: Impossibile estrarre namespace/classe
ERRORE - /var/www/html/saluteora/laravel/Modules/UI/resources/views/components/std/render-blocks.blade.php: Impossibile estrarre namespace/classe
ERRORE - /var/www/html/saluteora/laravel/Modules/UI/resources/views/components/std/select.blade.php: Impossibile estrarre namespace/classe
ERRORE - /var/www/html/saluteora/laravel/Modules/UI/resources/views/components/std/textarea.blade.php: Impossibile estrarre namespace/classe
ERRORE - /var/www/html/saluteora/laravel/Modules/UI/resources/views/components/svg/v1.blade.php: Impossibile estrarre namespace/classe
ERRORE - /var/www/html/saluteora/laravel/Modules/UI/resources/views/components/ui/app/header.blade.php: Impossibile estrarre namespace/classe
ERRORE - /var/www/html/saluteora/laravel/Modules/UI/resources/views/components/ui/badge.blade.php: Impossibile estrarre namespace/classe
ERRORE - /var/www/html/saluteora/laravel/Modules/UI/resources/views/components/ui/button.blade.php: Impossibile estrarre namespace/classe
ERRORE - /var/www/html/saluteora/laravel/Modules/UI/resources/views/components/ui/checkbox.blade.php: Impossibile estrarre namespace/classe
ERRORE - /var/www/html/saluteora/laravel/Modules/UI/resources/views/components/ui/input.blade.php: Impossibile estrarre namespace/classe
ERRORE - /var/www/html/saluteora/laravel/Modules/UI/resources/views/components/ui/light-dark-switch.blade.php: Impossibile estrarre namespace/classe
ERRORE - /var/www/html/saluteora/laravel/Modules/UI/resources/views/components/ui/link.blade.php: Impossibile estrarre namespace/classe
ERRORE - /var/www/html/saluteora/laravel/Modules/UI/resources/views/components/ui/logo.blade.php: Impossibile estrarre namespace/classe
ERRORE - /var/www/html/saluteora/laravel/Modules/UI/resources/views/components/ui/marketing/breadcrumbs.blade.php: Impossibile estrarre namespace/classe
ERRORE - /var/www/html/saluteora/laravel/Modules/UI/resources/views/components/ui/marketing/header.blade.php: Impossibile estrarre namespace/classe
ERRORE - /var/www/html/saluteora/laravel/Modules/UI/resources/views/components/ui/marketing/page-header.blade.php: Impossibile estrarre namespace/classe
ERRORE - /var/www/html/saluteora/laravel/Modules/UI/resources/views/components/ui/modal.blade.php: Impossibile estrarre namespace/classe
ERRORE - /var/www/html/saluteora/laravel/Modules/UI/resources/views/components/ui/nav-link.blade.php: Impossibile estrarre namespace/classe
ERRORE - /var/www/html/saluteora/laravel/Modules/UI/resources/views/components/ui/placeholder.blade.php: Impossibile estrarre namespace/classe
ERRORE - /var/www/html/saluteora/laravel/Modules/UI/resources/views/components/ui/slide-over.blade.php: Impossibile estrarre namespace/classe
ERRORE - /var/www/html/saluteora/laravel/Modules/UI/resources/views/components/ui/text-link.blade.php: Impossibile estrarre namespace/classe
ERRORE - /var/www/html/saluteora/laravel/Modules/UI/resources/views/empty.blade.php: Impossibile estrarre namespace/classe
ERRORE - /var/www/html/saluteora/laravel/Modules/UI/resources/views/filament/forms/components/field/qr-reader.blade.php: Impossibile estrarre namespace/classe
ERRORE - /var/www/html/saluteora/laravel/Modules/UI/resources/views/filament/forms/components/icon-picker.blade.php: Impossibile estrarre namespace/classe
ERRORE - /var/www/html/saluteora/laravel/Modules/UI/resources/views/filament/forms/components/navigation-builder.blade.php: Impossibile estrarre namespace/classe
ERRORE - /var/www/html/saluteora/laravel/Modules/UI/resources/views/filament/forms/components/radio-icon.blade.php: Impossibile estrarre namespace/classe
ERRORE - /var/www/html/saluteora/laravel/Modules/UI/resources/views/filament/forms/components/radio-image.blade.php: Impossibile estrarre namespace/classe
ERRORE - /var/www/html/saluteora/laravel/Modules/UI/resources/views/filament/pages/dashboard.blade.php: Impossibile estrarre namespace/classe
ERRORE - /var/www/html/saluteora/laravel/Modules/UI/resources/views/filament/table/collapsible-row-content.blade.php: Impossibile estrarre namespace/classe
ERRORE - /var/www/html/saluteora/laravel/Modules/UI/resources/views/filament/tables/columns/group.blade.php: Impossibile estrarre namespace/classe
ERRORE - /var/www/html/saluteora/laravel/Modules/UI/resources/views/filament/tables/columns/icon.blade.php: Impossibile estrarre namespace/classe
ERRORE - /var/www/html/saluteora/laravel/Modules/UI/resources/views/filament/tables/columns/tree.blade.php: Impossibile estrarre namespace/classe
ERRORE - /var/www/html/saluteora/laravel/Modules/UI/resources/views/filament/widgets/children.blade.php: Impossibile estrarre namespace/classe
ERRORE - /var/www/html/saluteora/laravel/Modules/UI/resources/views/filament/widgets/empty.blade.php: Impossibile estrarre namespace/classe
ERRORE - /var/www/html/saluteora/laravel/Modules/UI/resources/views/filament/widgets/group.blade.php: Impossibile estrarre namespace/classe
ERRORE - /var/www/html/saluteora/laravel/Modules/UI/resources/views/filament/widgets/overlook.blade.php: Impossibile estrarre namespace/classe
ERRORE - /var/www/html/saluteora/laravel/Modules/UI/resources/views/filament/widgets/row.blade.php: Impossibile estrarre namespace/classe
ERRORE - /var/www/html/saluteora/laravel/Modules/UI/resources/views/filament/widgets/stat-with-icon.blade.php: Impossibile estrarre namespace/classe
ERRORE - /var/www/html/saluteora/laravel/Modules/UI/resources/views/filament/widgets/table-collapsible.blade.php: Impossibile estrarre namespace/classe
ERRORE - /var/www/html/saluteora/laravel/Modules/UI/resources/views/filament/widgets/test-widget.blade.php: Impossibile estrarre namespace/classe
ERRORE - /var/www/html/saluteora/laravel/Modules/UI/resources/views/index.blade.php: Impossibile estrarre namespace/classe
ERRORE - /var/www/html/saluteora/laravel/Modules/UI/resources/views/layouts/master.blade.php: Impossibile estrarre namespace/classe
ERRORE - /var/www/html/saluteora/laravel/Modules/UI/resources/views/livewire/empty.blade.php: Impossibile estrarre namespace/classe
ERRORE - /var/www/html/saluteora/laravel/Modules/UI/resources/views/livewire/toast.blade.php: Impossibile estrarre namespace/classe
ERRORE - /var/www/html/saluteora/laravel/Modules/UI/resources/views/metatags.blade.php: Impossibile estrarre namespace/classe
ERRORE - /var/www/html/saluteora/laravel/Modules/UI/resources/views/svg/credit.blade.php: Impossibile estrarre namespace/classe
ERRORE - /var/www/html/saluteora/laravel/Modules/UI/resources/views/svg/flags/en.blade.php: Impossibile estrarre namespace/classe
ERRORE - /var/www/html/saluteora/laravel/Modules/UI/resources/views/svg/flags/it.blade.php: Impossibile estrarre namespace/classe
ERRORE - /var/www/html/saluteora/laravel/Modules/UI/resources/views/svg/illustrations/search.blade.php: Impossibile estrarre namespace/classe
ERRORE - /var/www/html/saluteora/laravel/Modules/UI/routes/api.php: Impossibile estrarre namespace/classe
ERRORE - /var/www/html/saluteora/laravel/Modules/UI/routes/web.php: Impossibile estrarre namespace/classe
ERRORE - /var/www/html/saluteora/laravel/Modules/User/.php-cs-fixer.dist.php: Impossibile estrarre namespace/classe
ERRORE - /var/www/html/saluteora/laravel/Modules/User/.php-cs-fixer.php: Impossibile estrarre namespace/classe
ERRORE - /var/www/html/saluteora/laravel/Modules/User/.vscode/.php-cs-fixer.php: Impossibile estrarre namespace/classe
ERRORE - /var/www/html/saluteora/laravel/Modules/User/config/config.php: Impossibile estrarre namespace/classe
ERRORE - /var/www/html/saluteora/laravel/Modules/User/database/migrations/2014_10_12_100002_create_password_resets_table.php: Impossibile estrarre namespace/classe
ERRORE - /var/www/html/saluteora/laravel/Modules/User/database/migrations/2020_01_01_000003_create_oauth_refresh_tokens_table.php: Impossibile estrarre namespace/classe
ERRORE - /var/www/html/saluteora/laravel/Modules/User/database/migrations/2023_01_01_000000_create_devices_table.php: Impossibile estrarre namespace/classe
ERRORE - /var/www/html/saluteora/laravel/Modules/User/database/migrations/2023_01_01_000000_create_oauth_auth_codes_table.php: Impossibile estrarre namespace/classe
ERRORE - /var/www/html/saluteora/laravel/Modules/User/database/migrations/2023_01_01_000002_create_team_invitations_table.php: Impossibile estrarre namespace/classe
ERRORE - /var/www/html/saluteora/laravel/Modules/User/database/migrations/2023_01_01_000003_create_oauth_access_tokens_table.php: Impossibile estrarre namespace/classe
ERRORE - /var/www/html/saluteora/laravel/Modules/User/database/migrations/2023_01_01_000003_create_socialite_user_table.php: Impossibile estrarre namespace/classe
ERRORE - /var/www/html/saluteora/laravel/Modules/User/database/migrations/2023_01_01_000003_create_tenant_user_table.php: Impossibile estrarre namespace/classe
ERRORE - /var/www/html/saluteora/laravel/Modules/User/database/migrations/2023_01_01_000004_create_device_user_table.php: Impossibile estrarre namespace/classe
ERRORE - /var/www/html/saluteora/laravel/Modules/User/database/migrations/2023_01_01_000004_create_oauth_clients_table.php: Impossibile estrarre namespace/classe
ERRORE - /var/www/html/saluteora/laravel/Modules/User/database/migrations/2023_01_01_000004_create_team_user_table.php: Impossibile estrarre namespace/classe
ERRORE - /var/www/html/saluteora/laravel/Modules/User/database/migrations/2023_01_01_000005_create_model_has_permissions_table.php: Impossibile estrarre namespace/classe
ERRORE - /var/www/html/saluteora/laravel/Modules/User/database/migrations/2023_01_01_000005_create_oauth_personal_access_clients_table.php: Impossibile estrarre namespace/classe
ERRORE - /var/www/html/saluteora/laravel/Modules/User/database/migrations/2023_01_01_000006_create_teams_table.php: Impossibile estrarre namespace/classe
ERRORE - /var/www/html/saluteora/laravel/Modules/User/database/migrations/2023_01_01_000010_create_role_has_permissions_table.php: Impossibile estrarre namespace/classe
ERRORE - /var/www/html/saluteora/laravel/Modules/User/database/migrations/2023_01_01_000011_create_roles_table.php: Impossibile estrarre namespace/classe
ERRORE - /var/www/html/saluteora/laravel/Modules/User/database/migrations/2023_01_01_093340_create_permission_table.php: Impossibile estrarre namespace/classe
ERRORE - /var/www/html/saluteora/laravel/Modules/User/database/migrations/2023_01_22_000007_create_permissions_table.php: Impossibile estrarre namespace/classe
ERRORE - /var/www/html/saluteora/laravel/Modules/User/database/migrations/2024_01_01_000001_create_authentication_log_table.php: Impossibile estrarre namespace/classe
ERRORE - /var/www/html/saluteora/laravel/Modules/User/database/migrations/2024_01_01_000001_create_users_table.php: Impossibile estrarre namespace/classe
ERRORE - /var/www/html/saluteora/laravel/Modules/User/database/migrations/2024_01_01_000011_create_permission_role_table.php: Impossibile estrarre namespace/classe
ERRORE - /var/www/html/saluteora/laravel/Modules/User/database/migrations/2024_01_01_000015_create_user_extra_table.php: Impossibile estrarre namespace/classe
ERRORE - /var/www/html/saluteora/laravel/Modules/User/database/migrations/2024_09_26_100442_create_features_table.php: Impossibile estrarre namespace/classe
ERRORE - /var/www/html/saluteora/laravel/Modules/User/database/migrations/2024_12_05_000034_create_model_has_roles_table.php: Impossibile estrarre namespace/classe
ERRORE - /var/www/html/saluteora/laravel/Modules/User/database/migrations/2024_12_05_000035_create_model_has_roles_table.php: Impossibile estrarre namespace/classe
ERRORE - /var/www/html/saluteora/laravel/Modules/User/lang/ar/default.php: Impossibile estrarre namespace/classe
ERRORE - /var/www/html/saluteora/laravel/Modules/User/lang/ar/filament-shield.php: Impossibile estrarre namespace/classe
ERRORE - /var/www/html/saluteora/laravel/Modules/User/lang/cs/default.php: Impossibile estrarre namespace/classe
ERRORE - /var/www/html/saluteora/laravel/Modules/User/lang/de/default.php: Impossibile estrarre namespace/classe
ERRORE - /var/www/html/saluteora/laravel/Modules/User/lang/de/filament-shield.php: Impossibile estrarre namespace/classe
ERRORE - /var/www/html/saluteora/laravel/Modules/User/lang/el/default.php: Impossibile estrarre namespace/classe
ERRORE - /var/www/html/saluteora/laravel/Modules/User/lang/en/actions.php: Impossibile estrarre namespace/classe
ERRORE - /var/www/html/saluteora/laravel/Modules/User/lang/en/auth.php: Impossibile estrarre namespace/classe
ERRORE - /var/www/html/saluteora/laravel/Modules/User/lang/en/default.php: Impossibile estrarre namespace/classe
ERRORE - /var/www/html/saluteora/laravel/Modules/User/lang/en/features.php: Impossibile estrarre namespace/classe
ERRORE - /var/www/html/saluteora/laravel/Modules/User/lang/en/fields.php: Impossibile estrarre namespace/classe
ERRORE - /var/www/html/saluteora/laravel/Modules/User/lang/en/filament-shield.php: Impossibile estrarre namespace/classe
ERRORE - /var/www/html/saluteora/laravel/Modules/User/lang/en/notifications.php: Impossibile estrarre namespace/classe
ERRORE - /var/www/html/saluteora/laravel/Modules/User/lang/en/social_providers.php: Impossibile estrarre namespace/classe
ERRORE - /var/www/html/saluteora/laravel/Modules/User/lang/en/tenants.php: Impossibile estrarre namespace/classe
ERRORE - /var/www/html/saluteora/laravel/Modules/User/lang/en/timex.php: Impossibile estrarre namespace/classe
ERRORE - /var/www/html/saluteora/laravel/Modules/User/lang/en/user.php: Impossibile estrarre namespace/classe
ERRORE - /var/www/html/saluteora/laravel/Modules/User/lang/es/default.php: Impossibile estrarre namespace/classe
ERRORE - /var/www/html/saluteora/laravel/Modules/User/lang/es/filament-shield.php: Impossibile estrarre namespace/classe
ERRORE - /var/www/html/saluteora/laravel/Modules/User/lang/fa/default.php: Impossibile estrarre namespace/classe
ERRORE - /var/www/html/saluteora/laravel/Modules/User/lang/fa/filament-shield.php: Impossibile estrarre namespace/classe
ERRORE - /var/www/html/saluteora/laravel/Modules/User/lang/fi/default.php: Impossibile estrarre namespace/classe
ERRORE - /var/www/html/saluteora/laravel/Modules/User/lang/fr/default.php: Impossibile estrarre namespace/classe
ERRORE - /var/www/html/saluteora/laravel/Modules/User/lang/fr/filament-shield.php: Impossibile estrarre namespace/classe
ERRORE - /var/www/html/saluteora/laravel/Modules/User/lang/he/default.php: Impossibile estrarre namespace/classe
ERRORE - /var/www/html/saluteora/laravel/Modules/User/lang/hu/default.php: Impossibile estrarre namespace/classe
ERRORE - /var/www/html/saluteora/laravel/Modules/User/lang/hu/filament-shield.php: Impossibile estrarre namespace/classe
ERRORE - /var/www/html/saluteora/laravel/Modules/User/lang/id/default.php: Impossibile estrarre namespace/classe
ERRORE - /var/www/html/saluteora/laravel/Modules/User/lang/id/filament-shield.php: Impossibile estrarre namespace/classe
ERRORE - /var/www/html/saluteora/laravel/Modules/User/lang/it/.php: Impossibile estrarre namespace/classe
ERRORE - /var/www/html/saluteora/laravel/Modules/User/lang/it/actions.php: Impossibile estrarre namespace/classe
ERRORE - /var/www/html/saluteora/laravel/Modules/User/lang/it/auth.php: Impossibile estrarre namespace/classe
ERRORE - /var/www/html/saluteora/laravel/Modules/User/lang/it/base_profile.php: Impossibile estrarre namespace/classe
ERRORE - /var/www/html/saluteora/laravel/Modules/User/lang/it/change_password.php: Impossibile estrarre namespace/classe
ERRORE - /var/www/html/saluteora/laravel/Modules/User/lang/it/change_profile_password.php: Impossibile estrarre namespace/classe
ERRORE - /var/www/html/saluteora/laravel/Modules/User/lang/it/change_profile_password_action.php: Impossibile estrarre namespace/classe
ERRORE - /var/www/html/saluteora/laravel/Modules/User/lang/it/client.php: Impossibile estrarre namespace/classe
ERRORE - /var/www/html/saluteora/laravel/Modules/User/lang/it/clients.php: Impossibile estrarre namespace/classe
ERRORE - /var/www/html/saluteora/laravel/Modules/User/lang/it/create_user.php: Impossibile estrarre namespace/classe
ERRORE - /var/www/html/saluteora/laravel/Modules/User/lang/it/default.php: Impossibile estrarre namespace/classe
ERRORE - /var/www/html/saluteora/laravel/Modules/User/lang/it/device.php: Impossibile estrarre namespace/classe
ERRORE - /var/www/html/saluteora/laravel/Modules/User/lang/it/devices.php: Impossibile estrarre namespace/classe
ERRORE - /var/www/html/saluteora/laravel/Modules/User/lang/it/edit_tenant.php: Impossibile estrarre namespace/classe
ERRORE - /var/www/html/saluteora/laravel/Modules/User/lang/it/edit_user.php: Impossibile estrarre namespace/classe
ERRORE - /var/www/html/saluteora/laravel/Modules/User/lang/it/email.php: Impossibile estrarre namespace/classe
ERRORE - /var/www/html/saluteora/laravel/Modules/User/lang/it/feature.php: Impossibile estrarre namespace/classe
ERRORE - /var/www/html/saluteora/laravel/Modules/User/lang/it/features.php: Impossibile estrarre namespace/classe
ERRORE - /var/www/html/saluteora/laravel/Modules/User/lang/it/fields.php: Impossibile estrarre namespace/classe
ERRORE - /var/www/html/saluteora/laravel/Modules/User/lang/it/filament-shield.php: Impossibile estrarre namespace/classe
ERRORE - /var/www/html/saluteora/laravel/Modules/User/lang/it/filters.php: Impossibile estrarre namespace/classe
ERRORE - /var/www/html/saluteora/laravel/Modules/User/lang/it/login.php: Impossibile estrarre namespace/classe
ERRORE - /var/www/html/saluteora/laravel/Modules/User/lang/it/notifications.php: Impossibile estrarre namespace/classe
ERRORE - /var/www/html/saluteora/laravel/Modules/User/lang/it/otp.php: Impossibile estrarre namespace/classe
ERRORE - /var/www/html/saluteora/laravel/Modules/User/lang/it/password.php: Impossibile estrarre namespace/classe
ERRORE - /var/www/html/saluteora/laravel/Modules/User/lang/it/password_expired.php: Impossibile estrarre namespace/classe
ERRORE - /var/www/html/saluteora/laravel/Modules/User/lang/it/passwords.php: Impossibile estrarre namespace/classe
ERRORE - /var/www/html/saluteora/laravel/Modules/User/lang/it/permission.php: Impossibile estrarre namespace/classe
ERRORE - /var/www/html/saluteora/laravel/Modules/User/lang/it/profile.php: Impossibile estrarre namespace/classe
ERRORE - /var/www/html/saluteora/laravel/Modules/User/lang/it/recent_logins.php: Impossibile estrarre namespace/classe
ERRORE - /var/www/html/saluteora/laravel/Modules/User/lang/it/reset_password.php: Impossibile estrarre namespace/classe
ERRORE - /var/www/html/saluteora/laravel/Modules/User/lang/it/role.php: Impossibile estrarre namespace/classe
ERRORE - /var/www/html/saluteora/laravel/Modules/User/lang/it/roles.php: Impossibile estrarre namespace/classe
ERRORE - /var/www/html/saluteora/laravel/Modules/User/lang/it/social_provider.php: Impossibile estrarre namespace/classe
ERRORE - /var/www/html/saluteora/laravel/Modules/User/lang/it/social_providers.php: Impossibile estrarre namespace/classe
ERRORE - /var/www/html/saluteora/laravel/Modules/User/lang/it/socialite_user.php: Impossibile estrarre namespace/classe
ERRORE - /var/www/html/saluteora/laravel/Modules/User/lang/it/socialite_users.php: Impossibile estrarre namespace/classe
ERRORE - /var/www/html/saluteora/laravel/Modules/User/lang/it/team.php: Impossibile estrarre namespace/classe
ERRORE - /var/www/html/saluteora/laravel/Modules/User/lang/it/tenancy.php: Impossibile estrarre namespace/classe
ERRORE - /var/www/html/saluteora/laravel/Modules/User/lang/it/tenant.php: Impossibile estrarre namespace/classe
ERRORE - /var/www/html/saluteora/laravel/Modules/User/lang/it/tenants.php: Impossibile estrarre namespace/classe
ERRORE - /var/www/html/saluteora/laravel/Modules/User/lang/it/token.php: Impossibile estrarre namespace/classe
ERRORE - /var/www/html/saluteora/laravel/Modules/User/lang/it/tokens.php: Impossibile estrarre namespace/classe
ERRORE - /var/www/html/saluteora/laravel/Modules/User/lang/it/user.php: Impossibile estrarre namespace/classe
ERRORE - /var/www/html/saluteora/laravel/Modules/User/lang/it/users_chart.php: Impossibile estrarre namespace/classe
ERRORE - /var/www/html/saluteora/laravel/Modules/User/lang/it/validation.php: Impossibile estrarre namespace/classe
ERRORE - /var/www/html/saluteora/laravel/Modules/User/lang/it/view_tenant.php: Impossibile estrarre namespace/classe
ERRORE - /var/www/html/saluteora/laravel/Modules/User/lang/ja/default.php: Impossibile estrarre namespace/classe
ERRORE - /var/www/html/saluteora/laravel/Modules/User/lang/ja/filament-shield.php: Impossibile estrarre namespace/classe
ERRORE - /var/www/html/saluteora/laravel/Modules/User/lang/ko/default.php: Impossibile estrarre namespace/classe
ERRORE - /var/www/html/saluteora/laravel/Modules/User/lang/lang/ar/default.php: Impossibile estrarre namespace/classe
ERRORE - /var/www/html/saluteora/laravel/Modules/User/lang/lang/ar/filament-shield.php: Impossibile estrarre namespace/classe
ERRORE - /var/www/html/saluteora/laravel/Modules/User/lang/lang/cs/default.php: Impossibile estrarre namespace/classe
ERRORE - /var/www/html/saluteora/laravel/Modules/User/lang/lang/de/default.php: Impossibile estrarre namespace/classe
ERRORE - /var/www/html/saluteora/laravel/Modules/User/lang/lang/de/filament-shield.php: Impossibile estrarre namespace/classe
ERRORE - /var/www/html/saluteora/laravel/Modules/User/lang/lang/el/default.php: Impossibile estrarre namespace/classe
ERRORE - /var/www/html/saluteora/laravel/Modules/User/lang/lang/en/actions.php: Impossibile estrarre namespace/classe
ERRORE - /var/www/html/saluteora/laravel/Modules/User/lang/lang/en/auth.php: Impossibile estrarre namespace/classe
ERRORE - /var/www/html/saluteora/laravel/Modules/User/lang/lang/en/default.php: Impossibile estrarre namespace/classe
ERRORE - /var/www/html/saluteora/laravel/Modules/User/lang/lang/en/fields.php: Impossibile estrarre namespace/classe
ERRORE - /var/www/html/saluteora/laravel/Modules/User/lang/lang/en/filament-shield.php: Impossibile estrarre namespace/classe
ERRORE - /var/www/html/saluteora/laravel/Modules/User/lang/lang/en/notifications.php: Impossibile estrarre namespace/classe
ERRORE - /var/www/html/saluteora/laravel/Modules/User/lang/lang/en/timex.php: Impossibile estrarre namespace/classe
ERRORE - /var/www/html/saluteora/laravel/Modules/User/lang/lang/en/user.php: Impossibile estrarre namespace/classe
ERRORE - /var/www/html/saluteora/laravel/Modules/User/lang/lang/es/default.php: Impossibile estrarre namespace/classe
ERRORE - /var/www/html/saluteora/laravel/Modules/User/lang/lang/es/filament-shield.php: Impossibile estrarre namespace/classe
ERRORE - /var/www/html/saluteora/laravel/Modules/User/lang/lang/fa/default.php: Impossibile estrarre namespace/classe
ERRORE - /var/www/html/saluteora/laravel/Modules/User/lang/lang/fa/filament-shield.php: Impossibile estrarre namespace/classe
ERRORE - /var/www/html/saluteora/laravel/Modules/User/lang/lang/fi/default.php: Impossibile estrarre namespace/classe
ERRORE - /var/www/html/saluteora/laravel/Modules/User/lang/lang/fr/default.php: Impossibile estrarre namespace/classe
ERRORE - /var/www/html/saluteora/laravel/Modules/User/lang/lang/fr/filament-shield.php: Impossibile estrarre namespace/classe
ERRORE - /var/www/html/saluteora/laravel/Modules/User/lang/lang/he/default.php: Impossibile estrarre namespace/classe
ERRORE - /var/www/html/saluteora/laravel/Modules/User/lang/lang/hu/default.php: Impossibile estrarre namespace/classe
ERRORE - /var/www/html/saluteora/laravel/Modules/User/lang/lang/hu/filament-shield.php: Impossibile estrarre namespace/classe
ERRORE - /var/www/html/saluteora/laravel/Modules/User/lang/lang/id/default.php: Impossibile estrarre namespace/classe
ERRORE - /var/www/html/saluteora/laravel/Modules/User/lang/lang/id/filament-shield.php: Impossibile estrarre namespace/classe
ERRORE - /var/www/html/saluteora/laravel/Modules/User/lang/lang/it/.php: Impossibile estrarre namespace/classe
ERRORE - /var/www/html/saluteora/laravel/Modules/User/lang/lang/it/actions.php: Impossibile estrarre namespace/classe
ERRORE - /var/www/html/saluteora/laravel/Modules/User/lang/lang/it/auth.php: Impossibile estrarre namespace/classe
ERRORE - /var/www/html/saluteora/laravel/Modules/User/lang/lang/it/change_password.php: Impossibile estrarre namespace/classe
ERRORE - /var/www/html/saluteora/laravel/Modules/User/lang/lang/it/change_profile_password.php: Impossibile estrarre namespace/classe
ERRORE - /var/www/html/saluteora/laravel/Modules/User/lang/lang/it/change_profile_password_action.php: Impossibile estrarre namespace/classe
ERRORE - /var/www/html/saluteora/laravel/Modules/User/lang/lang/it/clients.php: Impossibile estrarre namespace/classe
ERRORE - /var/www/html/saluteora/laravel/Modules/User/lang/lang/it/default.php: Impossibile estrarre namespace/classe
ERRORE - /var/www/html/saluteora/laravel/Modules/User/lang/lang/it/device.php: Impossibile estrarre namespace/classe
ERRORE - /var/www/html/saluteora/laravel/Modules/User/lang/lang/it/devices.php: Impossibile estrarre namespace/classe
ERRORE - /var/www/html/saluteora/laravel/Modules/User/lang/lang/it/edit_tenant.php: Impossibile estrarre namespace/classe
ERRORE - /var/www/html/saluteora/laravel/Modules/User/lang/lang/it/email.php: Impossibile estrarre namespace/classe
ERRORE - /var/www/html/saluteora/laravel/Modules/User/lang/lang/it/feature.php: Impossibile estrarre namespace/classe
ERRORE - /var/www/html/saluteora/laravel/Modules/User/lang/lang/it/fields.php: Impossibile estrarre namespace/classe
ERRORE - /var/www/html/saluteora/laravel/Modules/User/lang/lang/it/filament-shield.php: Impossibile estrarre namespace/classe
ERRORE - /var/www/html/saluteora/laravel/Modules/User/lang/lang/it/filters.php: Impossibile estrarre namespace/classe
ERRORE - /var/www/html/saluteora/laravel/Modules/User/lang/lang/it/notifications.php: Impossibile estrarre namespace/classe
ERRORE - /var/www/html/saluteora/laravel/Modules/User/lang/lang/it/otp.php: Impossibile estrarre namespace/classe
ERRORE - /var/www/html/saluteora/laravel/Modules/User/lang/lang/it/password.php: Impossibile estrarre namespace/classe
ERRORE - /var/www/html/saluteora/laravel/Modules/User/lang/lang/it/password_expired.php: Impossibile estrarre namespace/classe
ERRORE - /var/www/html/saluteora/laravel/Modules/User/lang/lang/it/passwords.php: Impossibile estrarre namespace/classe
ERRORE - /var/www/html/saluteora/laravel/Modules/User/lang/lang/it/permission.php: Impossibile estrarre namespace/classe
ERRORE - /var/www/html/saluteora/laravel/Modules/User/lang/lang/it/profile.php: Impossibile estrarre namespace/classe
ERRORE - /var/www/html/saluteora/laravel/Modules/User/lang/lang/it/reset_password.php: Impossibile estrarre namespace/classe
ERRORE - /var/www/html/saluteora/laravel/Modules/User/lang/lang/it/role.php: Impossibile estrarre namespace/classe
ERRORE - /var/www/html/saluteora/laravel/Modules/User/lang/lang/it/roles.php: Impossibile estrarre namespace/classe
ERRORE - /var/www/html/saluteora/laravel/Modules/User/lang/lang/it/social_provider.php: Impossibile estrarre namespace/classe
ERRORE - /var/www/html/saluteora/laravel/Modules/User/lang/lang/it/socialite_users.php: Impossibile estrarre namespace/classe
ERRORE - /var/www/html/saluteora/laravel/Modules/User/lang/lang/it/team.php: Impossibile estrarre namespace/classe
ERRORE - /var/www/html/saluteora/laravel/Modules/User/lang/lang/it/tenancy.php: Impossibile estrarre namespace/classe
ERRORE - /var/www/html/saluteora/laravel/Modules/User/lang/lang/it/tenant.php: Impossibile estrarre namespace/classe
ERRORE - /var/www/html/saluteora/laravel/Modules/User/lang/lang/it/tenants.php: Impossibile estrarre namespace/classe
ERRORE - /var/www/html/saluteora/laravel/Modules/User/lang/lang/it/tokens.php: Impossibile estrarre namespace/classe
ERRORE - /var/www/html/saluteora/laravel/Modules/User/lang/lang/it/user.php: Impossibile estrarre namespace/classe
ERRORE - /var/www/html/saluteora/laravel/Modules/User/lang/lang/it/users_chart.php: Impossibile estrarre namespace/classe
ERRORE - /var/www/html/saluteora/laravel/Modules/User/lang/lang/it/validation.php: Impossibile estrarre namespace/classe
ERRORE - /var/www/html/saluteora/laravel/Modules/User/lang/lang/it/view_tenant.php: Impossibile estrarre namespace/classe
ERRORE - /var/www/html/saluteora/laravel/Modules/User/lang/lang/ja/default.php: Impossibile estrarre namespace/classe
ERRORE - /var/www/html/saluteora/laravel/Modules/User/lang/lang/ja/filament-shield.php: Impossibile estrarre namespace/classe
ERRORE - /var/www/html/saluteora/laravel/Modules/User/lang/lang/ko/default.php: Impossibile estrarre namespace/classe
ERRORE - /var/www/html/saluteora/laravel/Modules/User/lang/lang/ms/default.php: Impossibile estrarre namespace/classe
ERRORE - /var/www/html/saluteora/laravel/Modules/User/lang/lang/nl/default.php: Impossibile estrarre namespace/classe
ERRORE - /var/www/html/saluteora/laravel/Modules/User/lang/lang/nl/filament-shield.php: Impossibile estrarre namespace/classe
ERRORE - /var/www/html/saluteora/laravel/Modules/User/lang/lang/pl/default.php: Impossibile estrarre namespace/classe
ERRORE - /var/www/html/saluteora/laravel/Modules/User/lang/lang/pt_BR/default.php: Impossibile estrarre namespace/classe
ERRORE - /var/www/html/saluteora/laravel/Modules/User/lang/lang/pt_BR/filament-shield.php: Impossibile estrarre namespace/classe
ERRORE - /var/www/html/saluteora/laravel/Modules/User/lang/lang/pt_BR/timex.php: Impossibile estrarre namespace/classe
ERRORE - /var/www/html/saluteora/laravel/Modules/User/lang/lang/pt_PT/default.php: Impossibile estrarre namespace/classe
ERRORE - /var/www/html/saluteora/laravel/Modules/User/lang/lang/ro/default.php: Impossibile estrarre namespace/classe
ERRORE - /var/www/html/saluteora/laravel/Modules/User/lang/lang/ro/filament-shield.php: Impossibile estrarre namespace/classe
ERRORE - /var/www/html/saluteora/laravel/Modules/User/lang/lang/ru/default.php: Impossibile estrarre namespace/classe
ERRORE - /var/www/html/saluteora/laravel/Modules/User/lang/lang/ru/filament-shield.php: Impossibile estrarre namespace/classe
ERRORE - /var/www/html/saluteora/laravel/Modules/User/lang/lang/ru/timex.php: Impossibile estrarre namespace/classe
ERRORE - /var/www/html/saluteora/laravel/Modules/User/lang/lang/sk/default.php: Impossibile estrarre namespace/classe
ERRORE - /var/www/html/saluteora/laravel/Modules/User/lang/lang/sl/default.php: Impossibile estrarre namespace/classe
ERRORE - /var/www/html/saluteora/laravel/Modules/User/lang/lang/sq/default.php: Impossibile estrarre namespace/classe
ERRORE - /var/www/html/saluteora/laravel/Modules/User/lang/lang/tr/default.php: Impossibile estrarre namespace/classe
ERRORE - /var/www/html/saluteora/laravel/Modules/User/lang/lang/tr/filament-shield.php: Impossibile estrarre namespace/classe
ERRORE - /var/www/html/saluteora/laravel/Modules/User/lang/lang/uk/default.php: Impossibile estrarre namespace/classe
ERRORE - /var/www/html/saluteora/laravel/Modules/User/lang/lang/uk/filament-shield.php: Impossibile estrarre namespace/classe
ERRORE - /var/www/html/saluteora/laravel/Modules/User/lang/lang/vi/default.php: Impossibile estrarre namespace/classe
ERRORE - /var/www/html/saluteora/laravel/Modules/User/lang/lang/vi/filament-shield.php: Impossibile estrarre namespace/classe
ERRORE - /var/www/html/saluteora/laravel/Modules/User/lang/lang/zh_TW/default.php: Impossibile estrarre namespace/classe
ERRORE - /var/www/html/saluteora/laravel/Modules/User/lang/ms/default.php: Impossibile estrarre namespace/classe
ERRORE - /var/www/html/saluteora/laravel/Modules/User/lang/nl/default.php: Impossibile estrarre namespace/classe
ERRORE - /var/www/html/saluteora/laravel/Modules/User/lang/nl/filament-shield.php: Impossibile estrarre namespace/classe
ERRORE - /var/www/html/saluteora/laravel/Modules/User/lang/pl/default.php: Impossibile estrarre namespace/classe
ERRORE - /var/www/html/saluteora/laravel/Modules/User/lang/pt_BR/default.php: Impossibile estrarre namespace/classe
ERRORE - /var/www/html/saluteora/laravel/Modules/User/lang/pt_BR/filament-shield.php: Impossibile estrarre namespace/classe
ERRORE - /var/www/html/saluteora/laravel/Modules/User/lang/pt_BR/timex.php: Impossibile estrarre namespace/classe
ERRORE - /var/www/html/saluteora/laravel/Modules/User/lang/pt_PT/default.php: Impossibile estrarre namespace/classe
ERRORE - /var/www/html/saluteora/laravel/Modules/User/lang/ro/default.php: Impossibile estrarre namespace/classe
ERRORE - /var/www/html/saluteora/laravel/Modules/User/lang/ro/filament-shield.php: Impossibile estrarre namespace/classe
ERRORE - /var/www/html/saluteora/laravel/Modules/User/lang/ru/default.php: Impossibile estrarre namespace/classe
ERRORE - /var/www/html/saluteora/laravel/Modules/User/lang/ru/filament-shield.php: Impossibile estrarre namespace/classe
ERRORE - /var/www/html/saluteora/laravel/Modules/User/lang/ru/timex.php: Impossibile estrarre namespace/classe
ERRORE - /var/www/html/saluteora/laravel/Modules/User/lang/sk/default.php: Impossibile estrarre namespace/classe
ERRORE - /var/www/html/saluteora/laravel/Modules/User/lang/sl/default.php: Impossibile estrarre namespace/classe
ERRORE - /var/www/html/saluteora/laravel/Modules/User/lang/sq/default.php: Impossibile estrarre namespace/classe
ERRORE - /var/www/html/saluteora/laravel/Modules/User/lang/tr/default.php: Impossibile estrarre namespace/classe
ERRORE - /var/www/html/saluteora/laravel/Modules/User/lang/tr/filament-shield.php: Impossibile estrarre namespace/classe
ERRORE - /var/www/html/saluteora/laravel/Modules/User/lang/uk/default.php: Impossibile estrarre namespace/classe
ERRORE - /var/www/html/saluteora/laravel/Modules/User/lang/uk/filament-shield.php: Impossibile estrarre namespace/classe
ERRORE - /var/www/html/saluteora/laravel/Modules/User/lang/vi/default.php: Impossibile estrarre namespace/classe
ERRORE - /var/www/html/saluteora/laravel/Modules/User/lang/vi/filament-shield.php: Impossibile estrarre namespace/classe
ERRORE - /var/www/html/saluteora/laravel/Modules/User/lang/zh_TW/default.php: Impossibile estrarre namespace/classe
ERRORE - /var/www/html/saluteora/laravel/Modules/User/phpinsights.php: Impossibile estrarre namespace/classe
ERRORE - /var/www/html/saluteora/laravel/Modules/User/phpstan_constants.php: Impossibile estrarre namespace/classe
ERRORE - /var/www/html/saluteora/laravel/Modules/User/rector.php: Impossibile estrarre namespace/classe
ERRORE - /var/www/html/saluteora/laravel/Modules/User/resources/views/badges/super-admin.blade.php: Impossibile estrarre namespace/classe
ERRORE - /var/www/html/saluteora/laravel/Modules/User/resources/views/components/mail/html/button.blade.php: Impossibile estrarre namespace/classe
ERRORE - /var/www/html/saluteora/laravel/Modules/User/resources/views/components/mail/html/footer.blade.php: Impossibile estrarre namespace/classe
ERRORE - /var/www/html/saluteora/laravel/Modules/User/resources/views/components/mail/html/header.blade.php: Impossibile estrarre namespace/classe
ERRORE - /var/www/html/saluteora/laravel/Modules/User/resources/views/components/mail/html/layout.blade.php: Impossibile estrarre namespace/classe
ERRORE - /var/www/html/saluteora/laravel/Modules/User/resources/views/components/mail/html/message.blade.php: Impossibile estrarre namespace/classe
ERRORE - /var/www/html/saluteora/laravel/Modules/User/resources/views/components/mail/html/panel.blade.php: Impossibile estrarre namespace/classe
ERRORE - /var/www/html/saluteora/laravel/Modules/User/resources/views/components/mail/html/subcopy.blade.php: Impossibile estrarre namespace/classe
ERRORE - /var/www/html/saluteora/laravel/Modules/User/resources/views/components/mail/html/table.blade.php: Impossibile estrarre namespace/classe
ERRORE - /var/www/html/saluteora/laravel/Modules/User/resources/views/components/mail/text/button.blade.php: Impossibile estrarre namespace/classe
ERRORE - /var/www/html/saluteora/laravel/Modules/User/resources/views/components/mail/text/footer.blade.php: Impossibile estrarre namespace/classe
ERRORE - /var/www/html/saluteora/laravel/Modules/User/resources/views/components/mail/text/header.blade.php: Impossibile estrarre namespace/classe
ERRORE - /var/www/html/saluteora/laravel/Modules/User/resources/views/components/mail/text/layout.blade.php: Impossibile estrarre namespace/classe
ERRORE - /var/www/html/saluteora/laravel/Modules/User/resources/views/components/mail/text/message.blade.php: Impossibile estrarre namespace/classe
ERRORE - /var/www/html/saluteora/laravel/Modules/User/resources/views/components/mail/text/panel.blade.php: Impossibile estrarre namespace/classe
ERRORE - /var/www/html/saluteora/laravel/Modules/User/resources/views/components/mail/text/subcopy.blade.php: Impossibile estrarre namespace/classe
ERRORE - /var/www/html/saluteora/laravel/Modules/User/resources/views/components/mail/text/table.blade.php: Impossibile estrarre namespace/classe
ERRORE - /var/www/html/saluteora/laravel/Modules/User/resources/views/emails/team-invitation.blade.php: Impossibile estrarre namespace/classe
ERRORE - /var/www/html/saluteora/laravel/Modules/User/resources/views/filament/auth/pages/password-expired.blade.php: Impossibile estrarre namespace/classe
ERRORE - /var/www/html/saluteora/laravel/Modules/User/resources/views/filament/clusters/appearance/pages/alignment.blade.php: Impossibile estrarre namespace/classe
ERRORE - /var/www/html/saluteora/laravel/Modules/User/resources/views/filament/clusters/appearance/pages/background.blade.php: Impossibile estrarre namespace/classe
ERRORE - /var/www/html/saluteora/laravel/Modules/User/resources/views/filament/clusters/appearance/pages/colors.blade.php: Impossibile estrarre namespace/classe
ERRORE - /var/www/html/saluteora/laravel/Modules/User/resources/views/filament/clusters/appearance/pages/custom-css.blade.php: Impossibile estrarre namespace/classe
ERRORE - /var/www/html/saluteora/laravel/Modules/User/resources/views/filament/clusters/appearance/pages/favicon.blade.php: Impossibile estrarre namespace/classe
ERRORE - /var/www/html/saluteora/laravel/Modules/User/resources/views/filament/clusters/appearance/pages/logo.blade.php: Impossibile estrarre namespace/classe
ERRORE - /var/www/html/saluteora/laravel/Modules/User/resources/views/filament/pages/dashboard.blade.php: Impossibile estrarre namespace/classe
ERRORE - /var/www/html/saluteora/laravel/Modules/User/resources/views/filament/pages/my-profile.blade.php: Impossibile estrarre namespace/classe
ERRORE - /var/www/html/saluteora/laravel/Modules/User/resources/views/filament/pages/password.blade.php: Impossibile estrarre namespace/classe
ERRORE - /var/www/html/saluteora/laravel/Modules/User/resources/views/filament/resources/user-resource/widgets/user-overview.blade.php: Impossibile estrarre namespace/classe
ERRORE - /var/www/html/saluteora/laravel/Modules/User/resources/views/filament/widgets/password-expired.blade.php: Impossibile estrarre namespace/classe
ERRORE - /var/www/html/saluteora/laravel/Modules/User/resources/views/index.blade.php: Impossibile estrarre namespace/classe
ERRORE - /var/www/html/saluteora/laravel/Modules/User/resources/views/layouts/app.blade.php: Impossibile estrarre namespace/classe
ERRORE - /var/www/html/saluteora/laravel/Modules/User/resources/views/layouts/auth.blade.php: Impossibile estrarre namespace/classe
ERRORE - /var/www/html/saluteora/laravel/Modules/User/resources/views/layouts/base.blade.php: Impossibile estrarre namespace/classe
ERRORE - /var/www/html/saluteora/laravel/Modules/User/resources/views/layouts/master.blade.php: Impossibile estrarre namespace/classe
ERRORE - /var/www/html/saluteora/laravel/Modules/User/resources/views/livewire/auth/login.blade.php: Impossibile estrarre namespace/classe
ERRORE - /var/www/html/saluteora/laravel/Modules/User/resources/views/livewire/auth/passwords/confirm.blade.php: Impossibile estrarre namespace/classe
ERRORE - /var/www/html/saluteora/laravel/Modules/User/resources/views/livewire/auth/passwords/email.blade.php: Impossibile estrarre namespace/classe
ERRORE - /var/www/html/saluteora/laravel/Modules/User/resources/views/livewire/auth/passwords/reset.blade.php: Impossibile estrarre namespace/classe
ERRORE - /var/www/html/saluteora/laravel/Modules/User/resources/views/livewire/auth/register.blade.php: Impossibile estrarre namespace/classe
ERRORE - /var/www/html/saluteora/laravel/Modules/User/resources/views/livewire/auth/verify.blade.php: Impossibile estrarre namespace/classe
ERRORE - /var/www/html/saluteora/laravel/Modules/User/resources/views/livewire/modals/users-overview.blade.php: Impossibile estrarre namespace/classe
ERRORE - /var/www/html/saluteora/laravel/Modules/User/resources/views/livewire/profile/super-admin.blade.php: Impossibile estrarre namespace/classe
ERRORE - /var/www/html/saluteora/laravel/Modules/User/resources/views/livewire/socialite/buttons.blade.php: Impossibile estrarre namespace/classe
ERRORE - /var/www/html/saluteora/laravel/Modules/User/resources/views/livewire/team/change.blade.php: Impossibile estrarre namespace/classe
ERRORE - /var/www/html/saluteora/laravel/Modules/User/resources/views/livewire/terms-of-service.blade.php: Impossibile estrarre namespace/classe
ERRORE - /var/www/html/saluteora/laravel/Modules/User/resources/views/notifications/email.blade.php: Impossibile estrarre namespace/classe
ERRORE - /var/www/html/saluteora/laravel/Modules/User/resources/views/pages/errors/password-expired.blade.php: Impossibile estrarre namespace/classe
ERRORE - /var/www/html/saluteora/laravel/Modules/User/routes/api.php: Impossibile estrarre namespace/classe
ERRORE - /var/www/html/saluteora/laravel/Modules/User/routes/auth.php: Impossibile estrarre namespace/classe
ERRORE - /var/www/html/saluteora/laravel/Modules/User/routes/web.php: Impossibile estrarre namespace/classe
ERRORE - /var/www/html/saluteora/laravel/Modules/User/routes/web_tall.php: Impossibile estrarre namespace/classe
ERRORE - /var/www/html/saluteora/laravel/Modules/Xot/.php-cs-fixer.dist.php: Impossibile estrarre namespace/classe
ERRORE - /var/www/html/saluteora/laravel/Modules/Xot/.php-cs-fixer.php: Impossibile estrarre namespace/classe
ERRORE - /var/www/html/saluteora/laravel/Modules/Xot/.vscode/.php-cs-fixer.php: Impossibile estrarre namespace/classe
ERRORE - /var/www/html/saluteora/laravel/Modules/Xot/Helpers/Helper.php: Impossibile estrarre namespace/classe
ERRORE - /var/www/html/saluteora/laravel/Modules/Xot/app/Console/Commands/ImportMdbToSQLite.php: Impossibile estrarre namespace/classe
ERRORE - /var/www/html/saluteora/laravel/Modules/Xot/app/Http/Http/Controllers/XotBaseController.php: Impossibile estrarre namespace/classe
ERRORE - /var/www/html/saluteora/laravel/Modules/Xot/app/Resources/views/acts/artisan/show_route_list.blade.php: Impossibile estrarre namespace/classe
ERRORE - /var/www/html/saluteora/laravel/Modules/Xot/app/Resources/views/admin/acts/manage_lang_module.blade.php: Impossibile estrarre namespace/classe
ERRORE - /var/www/html/saluteora/laravel/Modules/Xot/app/Resources/views/admin/dashboard.blade.php: Impossibile estrarre namespace/classe
ERRORE - /var/www/html/saluteora/laravel/Modules/Xot/app/Resources/views/admin/home/acts/db.blade.php: Impossibile estrarre namespace/classe
ERRORE - /var/www/html/saluteora/laravel/Modules/Xot/app/Resources/views/admin/home/acts/xls_import.blade.php: Impossibile estrarre namespace/classe
ERRORE - /var/www/html/saluteora/laravel/Modules/Xot/app/Resources/views/admin/index/acts/manage_lang_module.blade.php: Impossibile estrarre namespace/classe
ERRORE - /var/www/html/saluteora/laravel/Modules/Xot/app/Resources/views/admin/index/acts/test.blade.php: Impossibile estrarre namespace/classe
ERRORE - /var/www/html/saluteora/laravel/Modules/Xot/app/Resources/views/admin/standalone/manage/php-array.blade.php: Impossibile estrarre namespace/classe
ERRORE - /var/www/html/saluteora/laravel/Modules/Xot/app/Resources/views/admin/store/acts/xls_import/step1.blade.php: Impossibile estrarre namespace/classe
ERRORE - /var/www/html/saluteora/laravel/Modules/Xot/app/Resources/views/admin/store/acts/xls_import.blade.php: Impossibile estrarre namespace/classe
ERRORE - /var/www/html/saluteora/laravel/Modules/Xot/app/Resources/views/admin/test/index/acts/test_mail.blade.php: Impossibile estrarre namespace/classe
ERRORE - /var/www/html/saluteora/laravel/Modules/Xot/app/Resources/views/components/dashboard/item.blade.php: Impossibile estrarre namespace/classe
ERRORE - /var/www/html/saluteora/laravel/Modules/Xot/app/Resources/views/factory-generator/method-factory.blade.php: Impossibile estrarre namespace/classe
ERRORE - /var/www/html/saluteora/laravel/Modules/Xot/app/Resources/views/filament/infolists/components/file-content.blade.php: Impossibile estrarre namespace/classe
ERRORE - /var/www/html/saluteora/laravel/Modules/Xot/app/Resources/views/filament/pages/dashboard.blade.php: Impossibile estrarre namespace/classe
ERRORE - /var/www/html/saluteora/laravel/Modules/Xot/app/Resources/views/filament/pages/env.blade.php: Impossibile estrarre namespace/classe
ERRORE - /var/www/html/saluteora/laravel/Modules/Xot/app/Resources/views/filament/pages/health.blade.php: Impossibile estrarre namespace/classe
ERRORE - /var/www/html/saluteora/laravel/Modules/Xot/app/Resources/views/filament/pages/metatag.blade.php: Impossibile estrarre namespace/classe
ERRORE - /var/www/html/saluteora/laravel/Modules/Xot/app/Resources/views/filament/widgets/clock.blade.php: Impossibile estrarre namespace/classe
ERRORE - /var/www/html/saluteora/laravel/Modules/Xot/app/Resources/views/filament/widgets/env.blade.php: Impossibile estrarre namespace/classe
ERRORE - /var/www/html/saluteora/laravel/Modules/Xot/app/Resources/views/home/index/acts/artisan.blade.php: Impossibile estrarre namespace/classe
ERRORE - /var/www/html/saluteora/laravel/Modules/Xot/app/Resources/views/index.blade.php: Impossibile estrarre namespace/classe
ERRORE - /var/www/html/saluteora/laravel/Modules/Xot/app/Resources/views/layouts/master.blade.php: Impossibile estrarre namespace/classe
ERRORE - /var/www/html/saluteora/laravel/Modules/Xot/app/Resources/views/livewire/favorite.blade.php: Impossibile estrarre namespace/classe
ERRORE - /var/www/html/saluteora/laravel/Modules/Xot/app/Resources/views/livewire/manage_lang_module/edit.blade.php: Impossibile estrarre namespace/classe
ERRORE - /var/www/html/saluteora/laravel/Modules/Xot/app/Resources/views/livewire/manage_lang_module.blade.php: Impossibile estrarre namespace/classe
ERRORE - /var/www/html/saluteora/laravel/Modules/Xot/app/Resources/views/livewire/rate/multi.blade.php: Impossibile estrarre namespace/classe
ERRORE - /var/www/html/saluteora/laravel/Modules/Xot/app/Resources/views/livewire/rate/single.blade.php: Impossibile estrarre namespace/classe
ERRORE - /var/www/html/saluteora/laravel/Modules/Xot/app/Resources/views/livewire/rate_it.blade.php: Impossibile estrarre namespace/classe
ERRORE - /var/www/html/saluteora/laravel/Modules/Xot/app/Resources/views/livewire/test.blade.php: Impossibile estrarre namespace/classe
ERRORE - /var/www/html/saluteora/laravel/Modules/Xot/app/Resources/views/livewire/xot_base_table_component/checkbox-all.blade.php: Impossibile estrarre namespace/classe
ERRORE - /var/www/html/saluteora/laravel/Modules/Xot/app/Resources/views/livewire/xot_base_table_component/checkbox-row.blade.php: Impossibile estrarre namespace/classe
ERRORE - /var/www/html/saluteora/laravel/Modules/Xot/app/Resources/views/livewire/xot_base_table_component.blade.php: Impossibile estrarre namespace/classe
ERRORE - /var/www/html/saluteora/laravel/Modules/Xot/app/Resources/views/rss/feed.blade.php: Impossibile estrarre namespace/classe
ERRORE - /var/www/html/saluteora/laravel/Modules/Xot/app/Resources/views/services/table.blade.php: Impossibile estrarre namespace/classe
ERRORE - /var/www/html/saluteora/laravel/Modules/Xot/app/Resources/views/sitemap/index.blade.php: Impossibile estrarre namespace/classe
ERRORE - /var/www/html/saluteora/laravel/Modules/Xot/app/Resources/views/test/index/acts/artisan.blade.php: Impossibile estrarre namespace/classe
ERRORE - /var/www/html/saluteora/laravel/Modules/Xot/app/Resources/views/test.blade.php: Impossibile estrarre namespace/classe
ERRORE - /var/www/html/saluteora/laravel/Modules/Xot/app/Resources/views/x-debug.blade.php: Impossibile estrarre namespace/classe
ERRORE - /var/www/html/saluteora/laravel/Modules/Xot/app/Routes/api.php: Impossibile estrarre namespace/classe
ERRORE - /var/www/html/saluteora/laravel/Modules/Xot/app/Routes/seo.php: Impossibile estrarre namespace/classe
ERRORE - /var/www/html/saluteora/laravel/Modules/Xot/app/Routes/web.php: Impossibile estrarre namespace/classe
ERRORE - /var/www/html/saluteora/laravel/Modules/Xot/config/config.php: Impossibile estrarre namespace/classe
ERRORE - /var/www/html/saluteora/laravel/Modules/Xot/config/xot.php: Impossibile estrarre namespace/classe
ERRORE - /var/www/html/saluteora/laravel/Modules/Xot/database/migrations/2023_09_04_125039_create_cache_locks_table.php: Impossibile estrarre namespace/classe
ERRORE - /var/www/html/saluteora/laravel/Modules/Xot/database/migrations/2023_09_04_125039_create_cache_table.php: Impossibile estrarre namespace/classe
ERRORE - /var/www/html/saluteora/laravel/Modules/Xot/database/migrations/2024_01_01_000001_create_health_check_result_history_items_table.php: Impossibile estrarre namespace/classe
ERRORE - /var/www/html/saluteora/laravel/Modules/Xot/database/migrations/2024_01_01_000001_create_sessions_table.php: Impossibile estrarre namespace/classe
ERRORE - /var/www/html/saluteora/laravel/Modules/Xot/database/migrations/2024_01_01_000015_create_extra_table.php: Impossibile estrarre namespace/classe
ERRORE - /var/www/html/saluteora/laravel/Modules/Xot/database/migrations/2024_09_24_111828_create_pulse_aggregates_table.php: Impossibile estrarre namespace/classe
ERRORE - /var/www/html/saluteora/laravel/Modules/Xot/database/migrations/2024_09_24_111828_create_pulse_entries_table.php: Impossibile estrarre namespace/classe
ERRORE - /var/www/html/saluteora/laravel/Modules/Xot/database/migrations/2024_09_24_111828_create_pulse_values_table.php: Impossibile estrarre namespace/classe
ERRORE - /var/www/html/saluteora/laravel/Modules/Xot/lang/ar/alerts.php: Impossibile estrarre namespace/classe
ERRORE - /var/www/html/saluteora/laravel/Modules/Xot/lang/ar/auth.php: Impossibile estrarre namespace/classe
ERRORE - /var/www/html/saluteora/laravel/Modules/Xot/lang/ar/buttons.php: Impossibile estrarre namespace/classe
ERRORE - /var/www/html/saluteora/laravel/Modules/Xot/lang/ar/exceptions.php: Impossibile estrarre namespace/classe
ERRORE - /var/www/html/saluteora/laravel/Modules/Xot/lang/ar/health.php: Impossibile estrarre namespace/classe
ERRORE - /var/www/html/saluteora/laravel/Modules/Xot/lang/ar/history.php: Impossibile estrarre namespace/classe
ERRORE - /var/www/html/saluteora/laravel/Modules/Xot/lang/ar/http.php: Impossibile estrarre namespace/classe
ERRORE - /var/www/html/saluteora/laravel/Modules/Xot/lang/ar/labels.php: Impossibile estrarre namespace/classe
ERRORE - /var/www/html/saluteora/laravel/Modules/Xot/lang/ar/menus.php: Impossibile estrarre namespace/classe
ERRORE - /var/www/html/saluteora/laravel/Modules/Xot/lang/ar/messages.php: Impossibile estrarre namespace/classe
ERRORE - /var/www/html/saluteora/laravel/Modules/Xot/lang/ar/navs.php: Impossibile estrarre namespace/classe
ERRORE - /var/www/html/saluteora/laravel/Modules/Xot/lang/ar/pagination.php: Impossibile estrarre namespace/classe
ERRORE - /var/www/html/saluteora/laravel/Modules/Xot/lang/ar/passwords.php: Impossibile estrarre namespace/classe
ERRORE - /var/www/html/saluteora/laravel/Modules/Xot/lang/ar/roles.php: Impossibile estrarre namespace/classe
ERRORE - /var/www/html/saluteora/laravel/Modules/Xot/lang/ar/strings.php: Impossibile estrarre namespace/classe
ERRORE - /var/www/html/saluteora/laravel/Modules/Xot/lang/ar/validation.php: Impossibile estrarre namespace/classe
ERRORE - /var/www/html/saluteora/laravel/Modules/Xot/lang/da/alerts.php: Impossibile estrarre namespace/classe
ERRORE - /var/www/html/saluteora/laravel/Modules/Xot/lang/da/auth.php: Impossibile estrarre namespace/classe
ERRORE - /var/www/html/saluteora/laravel/Modules/Xot/lang/da/buttons.php: Impossibile estrarre namespace/classe
ERRORE - /var/www/html/saluteora/laravel/Modules/Xot/lang/da/exceptions.php: Impossibile estrarre namespace/classe
ERRORE - /var/www/html/saluteora/laravel/Modules/Xot/lang/da/history.php: Impossibile estrarre namespace/classe
ERRORE - /var/www/html/saluteora/laravel/Modules/Xot/lang/da/http.php: Impossibile estrarre namespace/classe
ERRORE - /var/www/html/saluteora/laravel/Modules/Xot/lang/da/labels.php: Impossibile estrarre namespace/classe
ERRORE - /var/www/html/saluteora/laravel/Modules/Xot/lang/da/menus.php: Impossibile estrarre namespace/classe
ERRORE - /var/www/html/saluteora/laravel/Modules/Xot/lang/da/navs.php: Impossibile estrarre namespace/classe
ERRORE - /var/www/html/saluteora/laravel/Modules/Xot/lang/da/pagination.php: Impossibile estrarre namespace/classe
ERRORE - /var/www/html/saluteora/laravel/Modules/Xot/lang/da/passwords.php: Impossibile estrarre namespace/classe
ERRORE - /var/www/html/saluteora/laravel/Modules/Xot/lang/da/roles.php: Impossibile estrarre namespace/classe
ERRORE - /var/www/html/saluteora/laravel/Modules/Xot/lang/da/strings.php: Impossibile estrarre namespace/classe
ERRORE - /var/www/html/saluteora/laravel/Modules/Xot/lang/da/validation.php: Impossibile estrarre namespace/classe
ERRORE - /var/www/html/saluteora/laravel/Modules/Xot/lang/de/alerts.php: Impossibile estrarre namespace/classe
ERRORE - /var/www/html/saluteora/laravel/Modules/Xot/lang/de/auth.php: Impossibile estrarre namespace/classe
ERRORE - /var/www/html/saluteora/laravel/Modules/Xot/lang/de/buttons.php: Impossibile estrarre namespace/classe
ERRORE - /var/www/html/saluteora/laravel/Modules/Xot/lang/de/exceptions.php: Impossibile estrarre namespace/classe
ERRORE - /var/www/html/saluteora/laravel/Modules/Xot/lang/de/history.php: Impossibile estrarre namespace/classe
ERRORE - /var/www/html/saluteora/laravel/Modules/Xot/lang/de/http.php: Impossibile estrarre namespace/classe
ERRORE - /var/www/html/saluteora/laravel/Modules/Xot/lang/de/labels.php: Impossibile estrarre namespace/classe
ERRORE - /var/www/html/saluteora/laravel/Modules/Xot/lang/de/menus.php: Impossibile estrarre namespace/classe
ERRORE - /var/www/html/saluteora/laravel/Modules/Xot/lang/de/messages.php: Impossibile estrarre namespace/classe
ERRORE - /var/www/html/saluteora/laravel/Modules/Xot/lang/de/navs.php: Impossibile estrarre namespace/classe
ERRORE - /var/www/html/saluteora/laravel/Modules/Xot/lang/de/pagination.php: Impossibile estrarre namespace/classe
ERRORE - /var/www/html/saluteora/laravel/Modules/Xot/lang/de/passwords.php: Impossibile estrarre namespace/classe
ERRORE - /var/www/html/saluteora/laravel/Modules/Xot/lang/de/roles.php: Impossibile estrarre namespace/classe
ERRORE - /var/www/html/saluteora/laravel/Modules/Xot/lang/de/strings.php: Impossibile estrarre namespace/classe
ERRORE - /var/www/html/saluteora/laravel/Modules/Xot/lang/de/validation.php: Impossibile estrarre namespace/classe
ERRORE - /var/www/html/saluteora/laravel/Modules/Xot/lang/el/alerts.php: Impossibile estrarre namespace/classe
ERRORE - /var/www/html/saluteora/laravel/Modules/Xot/lang/el/auth.php: Impossibile estrarre namespace/classe
ERRORE - /var/www/html/saluteora/laravel/Modules/Xot/lang/el/buttons.php: Impossibile estrarre namespace/classe
ERRORE - /var/www/html/saluteora/laravel/Modules/Xot/lang/el/exceptions.php: Impossibile estrarre namespace/classe
ERRORE - /var/www/html/saluteora/laravel/Modules/Xot/lang/el/history.php: Impossibile estrarre namespace/classe
ERRORE - /var/www/html/saluteora/laravel/Modules/Xot/lang/el/http.php: Impossibile estrarre namespace/classe
ERRORE - /var/www/html/saluteora/laravel/Modules/Xot/lang/el/labels.php: Impossibile estrarre namespace/classe
ERRORE - /var/www/html/saluteora/laravel/Modules/Xot/lang/el/menus.php: Impossibile estrarre namespace/classe
ERRORE - /var/www/html/saluteora/laravel/Modules/Xot/lang/el/navs.php: Impossibile estrarre namespace/classe
ERRORE - /var/www/html/saluteora/laravel/Modules/Xot/lang/el/pagination.php: Impossibile estrarre namespace/classe
ERRORE - /var/www/html/saluteora/laravel/Modules/Xot/lang/el/passwords.php: Impossibile estrarre namespace/classe
ERRORE - /var/www/html/saluteora/laravel/Modules/Xot/lang/el/roles.php: Impossibile estrarre namespace/classe
ERRORE - /var/www/html/saluteora/laravel/Modules/Xot/lang/el/strings.php: Impossibile estrarre namespace/classe
ERRORE - /var/www/html/saluteora/laravel/Modules/Xot/lang/el/validation.php: Impossibile estrarre namespace/classe
ERRORE - /var/www/html/saluteora/laravel/Modules/Xot/lang/en/alerts.php: Impossibile estrarre namespace/classe
ERRORE - /var/www/html/saluteora/laravel/Modules/Xot/lang/en/auth.php: Impossibile estrarre namespace/classe
ERRORE - /var/www/html/saluteora/laravel/Modules/Xot/lang/en/buttons.php: Impossibile estrarre namespace/classe
ERRORE - /var/www/html/saluteora/laravel/Modules/Xot/lang/en/exceptions.php: Impossibile estrarre namespace/classe
ERRORE - /var/www/html/saluteora/laravel/Modules/Xot/lang/en/health.php: Impossibile estrarre namespace/classe
ERRORE - /var/www/html/saluteora/laravel/Modules/Xot/lang/en/history.php: Impossibile estrarre namespace/classe
ERRORE - /var/www/html/saluteora/laravel/Modules/Xot/lang/en/http.php: Impossibile estrarre namespace/classe
ERRORE - /var/www/html/saluteora/laravel/Modules/Xot/lang/en/labels.php: Impossibile estrarre namespace/classe
ERRORE - /var/www/html/saluteora/laravel/Modules/Xot/lang/en/menus.php: Impossibile estrarre namespace/classe
ERRORE - /var/www/html/saluteora/laravel/Modules/Xot/lang/en/messages.php: Impossibile estrarre namespace/classe
ERRORE - /var/www/html/saluteora/laravel/Modules/Xot/lang/en/navs.php: Impossibile estrarre namespace/classe
ERRORE - /var/www/html/saluteora/laravel/Modules/Xot/lang/en/pagination.php: Impossibile estrarre namespace/classe
ERRORE - /var/www/html/saluteora/laravel/Modules/Xot/lang/en/passwords.php: Impossibile estrarre namespace/classe
ERRORE - /var/www/html/saluteora/laravel/Modules/Xot/lang/en/roles.php: Impossibile estrarre namespace/classe
ERRORE - /var/www/html/saluteora/laravel/Modules/Xot/lang/en/strings.php: Impossibile estrarre namespace/classe
ERRORE - /var/www/html/saluteora/laravel/Modules/Xot/lang/en/validation.php: Impossibile estrarre namespace/classe
ERRORE - /var/www/html/saluteora/laravel/Modules/Xot/lang/es/alerts.php: Impossibile estrarre namespace/classe
ERRORE - /var/www/html/saluteora/laravel/Modules/Xot/lang/es/auth.php: Impossibile estrarre namespace/classe
ERRORE - /var/www/html/saluteora/laravel/Modules/Xot/lang/es/buttons.php: Impossibile estrarre namespace/classe
ERRORE - /var/www/html/saluteora/laravel/Modules/Xot/lang/es/exceptions.php: Impossibile estrarre namespace/classe
ERRORE - /var/www/html/saluteora/laravel/Modules/Xot/lang/es/health.php: Impossibile estrarre namespace/classe
ERRORE - /var/www/html/saluteora/laravel/Modules/Xot/lang/es/history.php: Impossibile estrarre namespace/classe
ERRORE - /var/www/html/saluteora/laravel/Modules/Xot/lang/es/http.php: Impossibile estrarre namespace/classe
ERRORE - /var/www/html/saluteora/laravel/Modules/Xot/lang/es/labels.php: Impossibile estrarre namespace/classe
ERRORE - /var/www/html/saluteora/laravel/Modules/Xot/lang/es/menus.php: Impossibile estrarre namespace/classe
ERRORE - /var/www/html/saluteora/laravel/Modules/Xot/lang/es/messages.php: Impossibile estrarre namespace/classe
ERRORE - /var/www/html/saluteora/laravel/Modules/Xot/lang/es/navs.php: Impossibile estrarre namespace/classe
ERRORE - /var/www/html/saluteora/laravel/Modules/Xot/lang/es/pagination.php: Impossibile estrarre namespace/classe
ERRORE - /var/www/html/saluteora/laravel/Modules/Xot/lang/es/passwords.php: Impossibile estrarre namespace/classe
ERRORE - /var/www/html/saluteora/laravel/Modules/Xot/lang/es/roles.php: Impossibile estrarre namespace/classe
ERRORE - /var/www/html/saluteora/laravel/Modules/Xot/lang/es/strings.php: Impossibile estrarre namespace/classe
ERRORE - /var/www/html/saluteora/laravel/Modules/Xot/lang/es/validation.php: Impossibile estrarre namespace/classe
ERRORE - /var/www/html/saluteora/laravel/Modules/Xot/lang/et/messages.php: Impossibile estrarre namespace/classe
ERRORE - /var/www/html/saluteora/laravel/Modules/Xot/lang/fa/messages.php: Impossibile estrarre namespace/classe
ERRORE - /var/www/html/saluteora/laravel/Modules/Xot/lang/fr/alerts.php: Impossibile estrarre namespace/classe
ERRORE - /var/www/html/saluteora/laravel/Modules/Xot/lang/fr/auth.php: Impossibile estrarre namespace/classe
ERRORE - /var/www/html/saluteora/laravel/Modules/Xot/lang/fr/buttons.php: Impossibile estrarre namespace/classe
ERRORE - /var/www/html/saluteora/laravel/Modules/Xot/lang/fr/exceptions.php: Impossibile estrarre namespace/classe
ERRORE - /var/www/html/saluteora/laravel/Modules/Xot/lang/fr/history.php: Impossibile estrarre namespace/classe
ERRORE - /var/www/html/saluteora/laravel/Modules/Xot/lang/fr/http.php: Impossibile estrarre namespace/classe
ERRORE - /var/www/html/saluteora/laravel/Modules/Xot/lang/fr/labels.php: Impossibile estrarre namespace/classe
ERRORE - /var/www/html/saluteora/laravel/Modules/Xot/lang/fr/menus.php: Impossibile estrarre namespace/classe
ERRORE - /var/www/html/saluteora/laravel/Modules/Xot/lang/fr/messages.php: Impossibile estrarre namespace/classe
ERRORE - /var/www/html/saluteora/laravel/Modules/Xot/lang/fr/navs.php: Impossibile estrarre namespace/classe
ERRORE - /var/www/html/saluteora/laravel/Modules/Xot/lang/fr/pagination.php: Impossibile estrarre namespace/classe
ERRORE - /var/www/html/saluteora/laravel/Modules/Xot/lang/fr/passwords.php: Impossibile estrarre namespace/classe
ERRORE - /var/www/html/saluteora/laravel/Modules/Xot/lang/fr/roles.php: Impossibile estrarre namespace/classe
ERRORE - /var/www/html/saluteora/laravel/Modules/Xot/lang/fr/strings.php: Impossibile estrarre namespace/classe
ERRORE - /var/www/html/saluteora/laravel/Modules/Xot/lang/fr/validation.php: Impossibile estrarre namespace/classe
ERRORE - /var/www/html/saluteora/laravel/Modules/Xot/lang/gr/messages.php: Impossibile estrarre namespace/classe
ERRORE - /var/www/html/saluteora/laravel/Modules/Xot/lang/it/actions.php: Impossibile estrarre namespace/classe
ERRORE - /var/www/html/saluteora/laravel/Modules/Xot/lang/it/alerts.php: Impossibile estrarre namespace/classe
ERRORE - /var/www/html/saluteora/laravel/Modules/Xot/lang/it/array_service.php: Impossibile estrarre namespace/classe
ERRORE - /var/www/html/saluteora/laravel/Modules/Xot/lang/it/artisan-commands-manager.php: Impossibile estrarre namespace/classe
ERRORE - /var/www/html/saluteora/laravel/Modules/Xot/lang/it/artisan_commands_manager.php: Impossibile estrarre namespace/classe
ERRORE - /var/www/html/saluteora/laravel/Modules/Xot/lang/it/auth.php: Impossibile estrarre namespace/classe
ERRORE - /var/www/html/saluteora/laravel/Modules/Xot/lang/it/buttons.php: Impossibile estrarre namespace/classe
ERRORE - /var/www/html/saluteora/laravel/Modules/Xot/lang/it/cache.php: Impossibile estrarre namespace/classe
ERRORE - /var/www/html/saluteora/laravel/Modules/Xot/lang/it/cache_lock.php: Impossibile estrarre namespace/classe
ERRORE - /var/www/html/saluteora/laravel/Modules/Xot/lang/it/dashboard.php: Impossibile estrarre namespace/classe
ERRORE - /var/www/html/saluteora/laravel/Modules/Xot/lang/it/env.php: Impossibile estrarre namespace/classe
ERRORE - /var/www/html/saluteora/laravel/Modules/Xot/lang/it/exceptions.php: Impossibile estrarre namespace/classe
ERRORE - /var/www/html/saluteora/laravel/Modules/Xot/lang/it/export_xls.php: Impossibile estrarre namespace/classe
ERRORE - /var/www/html/saluteora/laravel/Modules/Xot/lang/it/extra.php: Impossibile estrarre namespace/classe
ERRORE - /var/www/html/saluteora/laravel/Modules/Xot/lang/it/fake_seeder_header.php: Impossibile estrarre namespace/classe
ERRORE - /var/www/html/saluteora/laravel/Modules/Xot/lang/it/filament.php: Impossibile estrarre namespace/classe
ERRORE - /var/www/html/saluteora/laravel/Modules/Xot/lang/it/health.php: Impossibile estrarre namespace/classe
ERRORE - /var/www/html/saluteora/laravel/Modules/Xot/lang/it/history.php: Impossibile estrarre namespace/classe
ERRORE - /var/www/html/saluteora/laravel/Modules/Xot/lang/it/http.php: Impossibile estrarre namespace/classe
ERRORE - /var/www/html/saluteora/laravel/Modules/Xot/lang/it/labels.php: Impossibile estrarre namespace/classe
ERRORE - /var/www/html/saluteora/laravel/Modules/Xot/lang/it/log.php: Impossibile estrarre namespace/classe
ERRORE - /var/www/html/saluteora/laravel/Modules/Xot/lang/it/menus.php: Impossibile estrarre namespace/classe
ERRORE - /var/www/html/saluteora/laravel/Modules/Xot/lang/it/messages.php: Impossibile estrarre namespace/classe
ERRORE - /var/www/html/saluteora/laravel/Modules/Xot/lang/it/metatag.php: Impossibile estrarre namespace/classe
ERRORE - /var/www/html/saluteora/laravel/Modules/Xot/lang/it/module.php: Impossibile estrarre namespace/classe
ERRORE - /var/www/html/saluteora/laravel/Modules/Xot/lang/it/navs.php: Impossibile estrarre namespace/classe
ERRORE - /var/www/html/saluteora/laravel/Modules/Xot/lang/it/pagination.php: Impossibile estrarre namespace/classe
ERRORE - /var/www/html/saluteora/laravel/Modules/Xot/lang/it/passwords.php: Impossibile estrarre namespace/classe
ERRORE - /var/www/html/saluteora/laravel/Modules/Xot/lang/it/roles.php: Impossibile estrarre namespace/classe
ERRORE - /var/www/html/saluteora/laravel/Modules/Xot/lang/it/session.php: Impossibile estrarre namespace/classe
ERRORE - /var/www/html/saluteora/laravel/Modules/Xot/lang/it/set_default_tenant_for_urls.php: Impossibile estrarre namespace/classe
ERRORE - /var/www/html/saluteora/laravel/Modules/Xot/lang/it/strings.php: Impossibile estrarre namespace/classe
ERRORE - /var/www/html/saluteora/laravel/Modules/Xot/lang/it/try_array_to_xls_action.php: Impossibile estrarre namespace/classe
ERRORE - /var/www/html/saluteora/laravel/Modules/Xot/lang/it/update_job.php: Impossibile estrarre namespace/classe
ERRORE - /var/www/html/saluteora/laravel/Modules/Xot/lang/it/validation.php: Impossibile estrarre namespace/classe
ERRORE - /var/www/html/saluteora/laravel/Modules/Xot/lang/it/xls_action.php: Impossibile estrarre namespace/classe
ERRORE - /var/www/html/saluteora/laravel/Modules/Xot/lang/it/xls_by_model_class_action.php: Impossibile estrarre namespace/classe
ERRORE - /var/www/html/saluteora/laravel/Modules/Xot/lang/it/xls_import_action.php: Impossibile estrarre namespace/classe
ERRORE - /var/www/html/saluteora/laravel/Modules/Xot/lang/it/xot_base.php: Impossibile estrarre namespace/classe
ERRORE - /var/www/html/saluteora/laravel/Modules/Xot/lang/it/xot_base_job.php: Impossibile estrarre namespace/classe
ERRORE - /var/www/html/saluteora/laravel/Modules/Xot/lang/it/xot_base_list_records.php: Impossibile estrarre namespace/classe
ERRORE - /var/www/html/saluteora/laravel/Modules/Xot/lang/it/xot_base_manage_related_records.php: Impossibile estrarre namespace/classe
ERRORE - /var/www/html/saluteora/laravel/Modules/Xot/lang/it/xot_base_panel.php: Impossibile estrarre namespace/classe
ERRORE - /var/www/html/saluteora/laravel/Modules/Xot/lang/it/xot_service.php: Impossibile estrarre namespace/classe
ERRORE - /var/www/html/saluteora/laravel/Modules/Xot/lang/it/year.php: Impossibile estrarre namespace/classe
ERRORE - /var/www/html/saluteora/laravel/Modules/Xot/lang/ka/health.php: Impossibile estrarre namespace/classe
ERRORE - /var/www/html/saluteora/laravel/Modules/Xot/lang/lang/ar/alerts.php: Impossibile estrarre namespace/classe
ERRORE - /var/www/html/saluteora/laravel/Modules/Xot/lang/lang/ar/auth.php: Impossibile estrarre namespace/classe
ERRORE - /var/www/html/saluteora/laravel/Modules/Xot/lang/lang/ar/buttons.php: Impossibile estrarre namespace/classe
ERRORE - /var/www/html/saluteora/laravel/Modules/Xot/lang/lang/ar/exceptions.php: Impossibile estrarre namespace/classe
ERRORE - /var/www/html/saluteora/laravel/Modules/Xot/lang/lang/ar/health.php: Impossibile estrarre namespace/classe
ERRORE - /var/www/html/saluteora/laravel/Modules/Xot/lang/lang/ar/history.php: Impossibile estrarre namespace/classe
ERRORE - /var/www/html/saluteora/laravel/Modules/Xot/lang/lang/ar/http.php: Impossibile estrarre namespace/classe
ERRORE - /var/www/html/saluteora/laravel/Modules/Xot/lang/lang/ar/labels.php: Impossibile estrarre namespace/classe
ERRORE - /var/www/html/saluteora/laravel/Modules/Xot/lang/lang/ar/menus.php: Impossibile estrarre namespace/classe
ERRORE - /var/www/html/saluteora/laravel/Modules/Xot/lang/lang/ar/messages.php: Impossibile estrarre namespace/classe
ERRORE - /var/www/html/saluteora/laravel/Modules/Xot/lang/lang/ar/navs.php: Impossibile estrarre namespace/classe
ERRORE - /var/www/html/saluteora/laravel/Modules/Xot/lang/lang/ar/pagination.php: Impossibile estrarre namespace/classe
ERRORE - /var/www/html/saluteora/laravel/Modules/Xot/lang/lang/ar/passwords.php: Impossibile estrarre namespace/classe
ERRORE - /var/www/html/saluteora/laravel/Modules/Xot/lang/lang/ar/roles.php: Impossibile estrarre namespace/classe
ERRORE - /var/www/html/saluteora/laravel/Modules/Xot/lang/lang/ar/strings.php: Impossibile estrarre namespace/classe
ERRORE - /var/www/html/saluteora/laravel/Modules/Xot/lang/lang/ar/validation.php: Impossibile estrarre namespace/classe
ERRORE - /var/www/html/saluteora/laravel/Modules/Xot/lang/lang/da/alerts.php: Impossibile estrarre namespace/classe
ERRORE - /var/www/html/saluteora/laravel/Modules/Xot/lang/lang/da/auth.php: Impossibile estrarre namespace/classe
ERRORE - /var/www/html/saluteora/laravel/Modules/Xot/lang/lang/da/buttons.php: Impossibile estrarre namespace/classe
ERRORE - /var/www/html/saluteora/laravel/Modules/Xot/lang/lang/da/exceptions.php: Impossibile estrarre namespace/classe
ERRORE - /var/www/html/saluteora/laravel/Modules/Xot/lang/lang/da/history.php: Impossibile estrarre namespace/classe
ERRORE - /var/www/html/saluteora/laravel/Modules/Xot/lang/lang/da/http.php: Impossibile estrarre namespace/classe
ERRORE - /var/www/html/saluteora/laravel/Modules/Xot/lang/lang/da/labels.php: Impossibile estrarre namespace/classe
ERRORE - /var/www/html/saluteora/laravel/Modules/Xot/lang/lang/da/menus.php: Impossibile estrarre namespace/classe
ERRORE - /var/www/html/saluteora/laravel/Modules/Xot/lang/lang/da/navs.php: Impossibile estrarre namespace/classe
ERRORE - /var/www/html/saluteora/laravel/Modules/Xot/lang/lang/da/pagination.php: Impossibile estrarre namespace/classe
ERRORE - /var/www/html/saluteora/laravel/Modules/Xot/lang/lang/da/passwords.php: Impossibile estrarre namespace/classe
ERRORE - /var/www/html/saluteora/laravel/Modules/Xot/lang/lang/da/roles.php: Impossibile estrarre namespace/classe
ERRORE - /var/www/html/saluteora/laravel/Modules/Xot/lang/lang/da/strings.php: Impossibile estrarre namespace/classe
ERRORE - /var/www/html/saluteora/laravel/Modules/Xot/lang/lang/da/validation.php: Impossibile estrarre namespace/classe
ERRORE - /var/www/html/saluteora/laravel/Modules/Xot/lang/lang/de/alerts.php: Impossibile estrarre namespace/classe
ERRORE - /var/www/html/saluteora/laravel/Modules/Xot/lang/lang/de/auth.php: Impossibile estrarre namespace/classe
ERRORE - /var/www/html/saluteora/laravel/Modules/Xot/lang/lang/de/buttons.php: Impossibile estrarre namespace/classe
ERRORE - /var/www/html/saluteora/laravel/Modules/Xot/lang/lang/de/exceptions.php: Impossibile estrarre namespace/classe
ERRORE - /var/www/html/saluteora/laravel/Modules/Xot/lang/lang/de/history.php: Impossibile estrarre namespace/classe
ERRORE - /var/www/html/saluteora/laravel/Modules/Xot/lang/lang/de/http.php: Impossibile estrarre namespace/classe
ERRORE - /var/www/html/saluteora/laravel/Modules/Xot/lang/lang/de/labels.php: Impossibile estrarre namespace/classe
ERRORE - /var/www/html/saluteora/laravel/Modules/Xot/lang/lang/de/menus.php: Impossibile estrarre namespace/classe
ERRORE - /var/www/html/saluteora/laravel/Modules/Xot/lang/lang/de/messages.php: Impossibile estrarre namespace/classe
ERRORE - /var/www/html/saluteora/laravel/Modules/Xot/lang/lang/de/navs.php: Impossibile estrarre namespace/classe
ERRORE - /var/www/html/saluteora/laravel/Modules/Xot/lang/lang/de/pagination.php: Impossibile estrarre namespace/classe
ERRORE - /var/www/html/saluteora/laravel/Modules/Xot/lang/lang/de/passwords.php: Impossibile estrarre namespace/classe
ERRORE - /var/www/html/saluteora/laravel/Modules/Xot/lang/lang/de/roles.php: Impossibile estrarre namespace/classe
ERRORE - /var/www/html/saluteora/laravel/Modules/Xot/lang/lang/de/strings.php: Impossibile estrarre namespace/classe
ERRORE - /var/www/html/saluteora/laravel/Modules/Xot/lang/lang/de/validation.php: Impossibile estrarre namespace/classe
ERRORE - /var/www/html/saluteora/laravel/Modules/Xot/lang/lang/el/alerts.php: Impossibile estrarre namespace/classe
ERRORE - /var/www/html/saluteora/laravel/Modules/Xot/lang/lang/el/auth.php: Impossibile estrarre namespace/classe
ERRORE - /var/www/html/saluteora/laravel/Modules/Xot/lang/lang/el/buttons.php: Impossibile estrarre namespace/classe
ERRORE - /var/www/html/saluteora/laravel/Modules/Xot/lang/lang/el/exceptions.php: Impossibile estrarre namespace/classe
ERRORE - /var/www/html/saluteora/laravel/Modules/Xot/lang/lang/el/history.php: Impossibile estrarre namespace/classe
ERRORE - /var/www/html/saluteora/laravel/Modules/Xot/lang/lang/el/http.php: Impossibile estrarre namespace/classe
ERRORE - /var/www/html/saluteora/laravel/Modules/Xot/lang/lang/el/labels.php: Impossibile estrarre namespace/classe
ERRORE - /var/www/html/saluteora/laravel/Modules/Xot/lang/lang/el/menus.php: Impossibile estrarre namespace/classe
ERRORE - /var/www/html/saluteora/laravel/Modules/Xot/lang/lang/el/navs.php: Impossibile estrarre namespace/classe
ERRORE - /var/www/html/saluteora/laravel/Modules/Xot/lang/lang/el/pagination.php: Impossibile estrarre namespace/classe
ERRORE - /var/www/html/saluteora/laravel/Modules/Xot/lang/lang/el/passwords.php: Impossibile estrarre namespace/classe
ERRORE - /var/www/html/saluteora/laravel/Modules/Xot/lang/lang/el/roles.php: Impossibile estrarre namespace/classe
ERRORE - /var/www/html/saluteora/laravel/Modules/Xot/lang/lang/el/strings.php: Impossibile estrarre namespace/classe
ERRORE - /var/www/html/saluteora/laravel/Modules/Xot/lang/lang/el/validation.php: Impossibile estrarre namespace/classe
ERRORE - /var/www/html/saluteora/laravel/Modules/Xot/lang/lang/en/alerts.php: Impossibile estrarre namespace/classe
ERRORE - /var/www/html/saluteora/laravel/Modules/Xot/lang/lang/en/auth.php: Impossibile estrarre namespace/classe
ERRORE - /var/www/html/saluteora/laravel/Modules/Xot/lang/lang/en/buttons.php: Impossibile estrarre namespace/classe
ERRORE - /var/www/html/saluteora/laravel/Modules/Xot/lang/lang/en/exceptions.php: Impossibile estrarre namespace/classe
ERRORE - /var/www/html/saluteora/laravel/Modules/Xot/lang/lang/en/health.php: Impossibile estrarre namespace/classe
ERRORE - /var/www/html/saluteora/laravel/Modules/Xot/lang/lang/en/history.php: Impossibile estrarre namespace/classe
ERRORE - /var/www/html/saluteora/laravel/Modules/Xot/lang/lang/en/http.php: Impossibile estrarre namespace/classe
ERRORE - /var/www/html/saluteora/laravel/Modules/Xot/lang/lang/en/labels.php: Impossibile estrarre namespace/classe
ERRORE - /var/www/html/saluteora/laravel/Modules/Xot/lang/lang/en/menus.php: Impossibile estrarre namespace/classe
ERRORE - /var/www/html/saluteora/laravel/Modules/Xot/lang/lang/en/messages.php: Impossibile estrarre namespace/classe
ERRORE - /var/www/html/saluteora/laravel/Modules/Xot/lang/lang/en/navs.php: Impossibile estrarre namespace/classe
ERRORE - /var/www/html/saluteora/laravel/Modules/Xot/lang/lang/en/pagination.php: Impossibile estrarre namespace/classe
ERRORE - /var/www/html/saluteora/laravel/Modules/Xot/lang/lang/en/passwords.php: Impossibile estrarre namespace/classe
ERRORE - /var/www/html/saluteora/laravel/Modules/Xot/lang/lang/en/roles.php: Impossibile estrarre namespace/classe
ERRORE - /var/www/html/saluteora/laravel/Modules/Xot/lang/lang/en/strings.php: Impossibile estrarre namespace/classe
ERRORE - /var/www/html/saluteora/laravel/Modules/Xot/lang/lang/en/validation.php: Impossibile estrarre namespace/classe
ERRORE - /var/www/html/saluteora/laravel/Modules/Xot/lang/lang/es/alerts.php: Impossibile estrarre namespace/classe
ERRORE - /var/www/html/saluteora/laravel/Modules/Xot/lang/lang/es/auth.php: Impossibile estrarre namespace/classe
ERRORE - /var/www/html/saluteora/laravel/Modules/Xot/lang/lang/es/buttons.php: Impossibile estrarre namespace/classe
ERRORE - /var/www/html/saluteora/laravel/Modules/Xot/lang/lang/es/exceptions.php: Impossibile estrarre namespace/classe
ERRORE - /var/www/html/saluteora/laravel/Modules/Xot/lang/lang/es/health.php: Impossibile estrarre namespace/classe
ERRORE - /var/www/html/saluteora/laravel/Modules/Xot/lang/lang/es/history.php: Impossibile estrarre namespace/classe
ERRORE - /var/www/html/saluteora/laravel/Modules/Xot/lang/lang/es/http.php: Impossibile estrarre namespace/classe
ERRORE - /var/www/html/saluteora/laravel/Modules/Xot/lang/lang/es/labels.php: Impossibile estrarre namespace/classe
ERRORE - /var/www/html/saluteora/laravel/Modules/Xot/lang/lang/es/menus.php: Impossibile estrarre namespace/classe
ERRORE - /var/www/html/saluteora/laravel/Modules/Xot/lang/lang/es/messages.php: Impossibile estrarre namespace/classe
ERRORE - /var/www/html/saluteora/laravel/Modules/Xot/lang/lang/es/navs.php: Impossibile estrarre namespace/classe
ERRORE - /var/www/html/saluteora/laravel/Modules/Xot/lang/lang/es/pagination.php: Impossibile estrarre namespace/classe
ERRORE - /var/www/html/saluteora/laravel/Modules/Xot/lang/lang/es/passwords.php: Impossibile estrarre namespace/classe
ERRORE - /var/www/html/saluteora/laravel/Modules/Xot/lang/lang/es/roles.php: Impossibile estrarre namespace/classe
ERRORE - /var/www/html/saluteora/laravel/Modules/Xot/lang/lang/es/strings.php: Impossibile estrarre namespace/classe
ERRORE - /var/www/html/saluteora/laravel/Modules/Xot/lang/lang/es/validation.php: Impossibile estrarre namespace/classe
ERRORE - /var/www/html/saluteora/laravel/Modules/Xot/lang/lang/et/messages.php: Impossibile estrarre namespace/classe
ERRORE - /var/www/html/saluteora/laravel/Modules/Xot/lang/lang/fa/messages.php: Impossibile estrarre namespace/classe
ERRORE - /var/www/html/saluteora/laravel/Modules/Xot/lang/lang/fr/alerts.php: Impossibile estrarre namespace/classe
ERRORE - /var/www/html/saluteora/laravel/Modules/Xot/lang/lang/fr/auth.php: Impossibile estrarre namespace/classe
ERRORE - /var/www/html/saluteora/laravel/Modules/Xot/lang/lang/fr/buttons.php: Impossibile estrarre namespace/classe
ERRORE - /var/www/html/saluteora/laravel/Modules/Xot/lang/lang/fr/exceptions.php: Impossibile estrarre namespace/classe
ERRORE - /var/www/html/saluteora/laravel/Modules/Xot/lang/lang/fr/history.php: Impossibile estrarre namespace/classe
ERRORE - /var/www/html/saluteora/laravel/Modules/Xot/lang/lang/fr/http.php: Impossibile estrarre namespace/classe
ERRORE - /var/www/html/saluteora/laravel/Modules/Xot/lang/lang/fr/labels.php: Impossibile estrarre namespace/classe
ERRORE - /var/www/html/saluteora/laravel/Modules/Xot/lang/lang/fr/menus.php: Impossibile estrarre namespace/classe
ERRORE - /var/www/html/saluteora/laravel/Modules/Xot/lang/lang/fr/messages.php: Impossibile estrarre namespace/classe
ERRORE - /var/www/html/saluteora/laravel/Modules/Xot/lang/lang/fr/navs.php: Impossibile estrarre namespace/classe
ERRORE - /var/www/html/saluteora/laravel/Modules/Xot/lang/lang/fr/pagination.php: Impossibile estrarre namespace/classe
ERRORE - /var/www/html/saluteora/laravel/Modules/Xot/lang/lang/fr/passwords.php: Impossibile estrarre namespace/classe
ERRORE - /var/www/html/saluteora/laravel/Modules/Xot/lang/lang/fr/roles.php: Impossibile estrarre namespace/classe
ERRORE - /var/www/html/saluteora/laravel/Modules/Xot/lang/lang/fr/strings.php: Impossibile estrarre namespace/classe
ERRORE - /var/www/html/saluteora/laravel/Modules/Xot/lang/lang/fr/validation.php: Impossibile estrarre namespace/classe
ERRORE - /var/www/html/saluteora/laravel/Modules/Xot/lang/lang/gr/messages.php: Impossibile estrarre namespace/classe
ERRORE - /var/www/html/saluteora/laravel/Modules/Xot/lang/lang/it/actions.php: Impossibile estrarre namespace/classe
ERRORE - /var/www/html/saluteora/laravel/Modules/Xot/lang/lang/it/alerts.php: Impossibile estrarre namespace/classe
ERRORE - /var/www/html/saluteora/laravel/Modules/Xot/lang/lang/it/array_service.php: Impossibile estrarre namespace/classe
ERRORE - /var/www/html/saluteora/laravel/Modules/Xot/lang/lang/it/auth.php: Impossibile estrarre namespace/classe
ERRORE - /var/www/html/saluteora/laravel/Modules/Xot/lang/lang/it/buttons.php: Impossibile estrarre namespace/classe
ERRORE - /var/www/html/saluteora/laravel/Modules/Xot/lang/lang/it/cache.php: Impossibile estrarre namespace/classe
ERRORE - /var/www/html/saluteora/laravel/Modules/Xot/lang/lang/it/cache_lock.php: Impossibile estrarre namespace/classe
ERRORE - /var/www/html/saluteora/laravel/Modules/Xot/lang/lang/it/dashboard.php: Impossibile estrarre namespace/classe
ERRORE - /var/www/html/saluteora/laravel/Modules/Xot/lang/lang/it/env.php: Impossibile estrarre namespace/classe
ERRORE - /var/www/html/saluteora/laravel/Modules/Xot/lang/lang/it/exceptions.php: Impossibile estrarre namespace/classe
ERRORE - /var/www/html/saluteora/laravel/Modules/Xot/lang/lang/it/extra.php: Impossibile estrarre namespace/classe
ERRORE - /var/www/html/saluteora/laravel/Modules/Xot/lang/lang/it/fake_seeder_header.php: Impossibile estrarre namespace/classe
ERRORE - /var/www/html/saluteora/laravel/Modules/Xot/lang/lang/it/health.php: Impossibile estrarre namespace/classe
ERRORE - /var/www/html/saluteora/laravel/Modules/Xot/lang/lang/it/history.php: Impossibile estrarre namespace/classe
ERRORE - /var/www/html/saluteora/laravel/Modules/Xot/lang/lang/it/http.php: Impossibile estrarre namespace/classe
ERRORE - /var/www/html/saluteora/laravel/Modules/Xot/lang/lang/it/labels.php: Impossibile estrarre namespace/classe
ERRORE - /var/www/html/saluteora/laravel/Modules/Xot/lang/lang/it/log.php: Impossibile estrarre namespace/classe
ERRORE - /var/www/html/saluteora/laravel/Modules/Xot/lang/lang/it/menus.php: Impossibile estrarre namespace/classe
ERRORE - /var/www/html/saluteora/laravel/Modules/Xot/lang/lang/it/messages.php: Impossibile estrarre namespace/classe
ERRORE - /var/www/html/saluteora/laravel/Modules/Xot/lang/lang/it/metatag.php: Impossibile estrarre namespace/classe
ERRORE - /var/www/html/saluteora/laravel/Modules/Xot/lang/lang/it/module.php: Impossibile estrarre namespace/classe
ERRORE - /var/www/html/saluteora/laravel/Modules/Xot/lang/lang/it/navs.php: Impossibile estrarre namespace/classe
ERRORE - /var/www/html/saluteora/laravel/Modules/Xot/lang/lang/it/pagination.php: Impossibile estrarre namespace/classe
ERRORE - /var/www/html/saluteora/laravel/Modules/Xot/lang/lang/it/passwords.php: Impossibile estrarre namespace/classe
ERRORE - /var/www/html/saluteora/laravel/Modules/Xot/lang/lang/it/roles.php: Impossibile estrarre namespace/classe
ERRORE - /var/www/html/saluteora/laravel/Modules/Xot/lang/lang/it/session.php: Impossibile estrarre namespace/classe
ERRORE - /var/www/html/saluteora/laravel/Modules/Xot/lang/lang/it/strings.php: Impossibile estrarre namespace/classe
ERRORE - /var/www/html/saluteora/laravel/Modules/Xot/lang/lang/it/try_array_to_xls_action.php: Impossibile estrarre namespace/classe
ERRORE - /var/www/html/saluteora/laravel/Modules/Xot/lang/lang/it/update_job.php: Impossibile estrarre namespace/classe
ERRORE - /var/www/html/saluteora/laravel/Modules/Xot/lang/lang/it/validation.php: Impossibile estrarre namespace/classe
ERRORE - /var/www/html/saluteora/laravel/Modules/Xot/lang/lang/it/xls_action.php: Impossibile estrarre namespace/classe
ERRORE - /var/www/html/saluteora/laravel/Modules/Xot/lang/lang/it/xls_by_model_class_action.php: Impossibile estrarre namespace/classe
ERRORE - /var/www/html/saluteora/laravel/Modules/Xot/lang/lang/it/xls_import_action.php: Impossibile estrarre namespace/classe
ERRORE - /var/www/html/saluteora/laravel/Modules/Xot/lang/lang/it/xot_base.php: Impossibile estrarre namespace/classe
ERRORE - /var/www/html/saluteora/laravel/Modules/Xot/lang/lang/it/xot_base_job.php: Impossibile estrarre namespace/classe
ERRORE - /var/www/html/saluteora/laravel/Modules/Xot/lang/lang/it/xot_base_list_records.php: Impossibile estrarre namespace/classe
ERRORE - /var/www/html/saluteora/laravel/Modules/Xot/lang/lang/it/xot_base_manage_related_records.php: Impossibile estrarre namespace/classe
ERRORE - /var/www/html/saluteora/laravel/Modules/Xot/lang/lang/it/xot_base_panel.php: Impossibile estrarre namespace/classe
ERRORE - /var/www/html/saluteora/laravel/Modules/Xot/lang/lang/it/xot_service.php: Impossibile estrarre namespace/classe
ERRORE - /var/www/html/saluteora/laravel/Modules/Xot/lang/lang/ka/health.php: Impossibile estrarre namespace/classe
ERRORE - /var/www/html/saluteora/laravel/Modules/Xot/lang/lang/nl/alerts.php: Impossibile estrarre namespace/classe
ERRORE - /var/www/html/saluteora/laravel/Modules/Xot/lang/lang/nl/auth.php: Impossibile estrarre namespace/classe
ERRORE - /var/www/html/saluteora/laravel/Modules/Xot/lang/lang/nl/button.php: Impossibile estrarre namespace/classe
ERRORE - /var/www/html/saluteora/laravel/Modules/Xot/lang/lang/nl/exceptions.php: Impossibile estrarre namespace/classe
ERRORE - /var/www/html/saluteora/laravel/Modules/Xot/lang/lang/nl/history.php: Impossibile estrarre namespace/classe
ERRORE - /var/www/html/saluteora/laravel/Modules/Xot/lang/lang/nl/http.php: Impossibile estrarre namespace/classe
ERRORE - /var/www/html/saluteora/laravel/Modules/Xot/lang/lang/nl/labels.php: Impossibile estrarre namespace/classe
ERRORE - /var/www/html/saluteora/laravel/Modules/Xot/lang/lang/nl/menus.php: Impossibile estrarre namespace/classe
ERRORE - /var/www/html/saluteora/laravel/Modules/Xot/lang/lang/nl/messages.php: Impossibile estrarre namespace/classe
ERRORE - /var/www/html/saluteora/laravel/Modules/Xot/lang/lang/nl/navs.php: Impossibile estrarre namespace/classe
ERRORE - /var/www/html/saluteora/laravel/Modules/Xot/lang/lang/nl/pagination.php: Impossibile estrarre namespace/classe
ERRORE - /var/www/html/saluteora/laravel/Modules/Xot/lang/lang/nl/passwords.php: Impossibile estrarre namespace/classe
ERRORE - /var/www/html/saluteora/laravel/Modules/Xot/lang/lang/nl/roles.php: Impossibile estrarre namespace/classe
ERRORE - /var/www/html/saluteora/laravel/Modules/Xot/lang/lang/nl/strings.php: Impossibile estrarre namespace/classe
ERRORE - /var/www/html/saluteora/laravel/Modules/Xot/lang/lang/nl/validation.php: Impossibile estrarre namespace/classe
ERRORE - /var/www/html/saluteora/laravel/Modules/Xot/lang/lang/pl/messages.php: Impossibile estrarre namespace/classe
ERRORE - /var/www/html/saluteora/laravel/Modules/Xot/lang/lang/pt/messages.php: Impossibile estrarre namespace/classe
ERRORE - /var/www/html/saluteora/laravel/Modules/Xot/lang/lang/pt-br/messages.php: Impossibile estrarre namespace/classe
ERRORE - /var/www/html/saluteora/laravel/Modules/Xot/lang/lang/pt_BR/alerts.php: Impossibile estrarre namespace/classe
ERRORE - /var/www/html/saluteora/laravel/Modules/Xot/lang/lang/pt_BR/auth.php: Impossibile estrarre namespace/classe
ERRORE - /var/www/html/saluteora/laravel/Modules/Xot/lang/lang/pt_BR/buttons.php: Impossibile estrarre namespace/classe
ERRORE - /var/www/html/saluteora/laravel/Modules/Xot/lang/lang/pt_BR/exceptions.php: Impossibile estrarre namespace/classe
ERRORE - /var/www/html/saluteora/laravel/Modules/Xot/lang/lang/pt_BR/health.php: Impossibile estrarre namespace/classe
ERRORE - /var/www/html/saluteora/laravel/Modules/Xot/lang/lang/pt_BR/history.php: Impossibile estrarre namespace/classe
ERRORE - /var/www/html/saluteora/laravel/Modules/Xot/lang/lang/pt_BR/http.php: Impossibile estrarre namespace/classe
ERRORE - /var/www/html/saluteora/laravel/Modules/Xot/lang/lang/pt_BR/labels.php: Impossibile estrarre namespace/classe
ERRORE - /var/www/html/saluteora/laravel/Modules/Xot/lang/lang/pt_BR/menus.php: Impossibile estrarre namespace/classe
ERRORE - /var/www/html/saluteora/laravel/Modules/Xot/lang/lang/pt_BR/navs.php: Impossibile estrarre namespace/classe
ERRORE - /var/www/html/saluteora/laravel/Modules/Xot/lang/lang/pt_BR/pagination.php: Impossibile estrarre namespace/classe
ERRORE - /var/www/html/saluteora/laravel/Modules/Xot/lang/lang/pt_BR/passwords.php: Impossibile estrarre namespace/classe
ERRORE - /var/www/html/saluteora/laravel/Modules/Xot/lang/lang/pt_BR/roles.php: Impossibile estrarre namespace/classe
ERRORE - /var/www/html/saluteora/laravel/Modules/Xot/lang/lang/pt_BR/strings.php: Impossibile estrarre namespace/classe
ERRORE - /var/www/html/saluteora/laravel/Modules/Xot/lang/lang/pt_BR/validation.php: Impossibile estrarre namespace/classe
ERRORE - /var/www/html/saluteora/laravel/Modules/Xot/lang/lang/ro/messages.php: Impossibile estrarre namespace/classe
ERRORE - /var/www/html/saluteora/laravel/Modules/Xot/lang/lang/ru/messages.php: Impossibile estrarre namespace/classe
ERRORE - /var/www/html/saluteora/laravel/Modules/Xot/lang/lang/sv/alerts.php: Impossibile estrarre namespace/classe
ERRORE - /var/www/html/saluteora/laravel/Modules/Xot/lang/lang/sv/auth.php: Impossibile estrarre namespace/classe
ERRORE - /var/www/html/saluteora/laravel/Modules/Xot/lang/lang/sv/buttons.php: Impossibile estrarre namespace/classe
ERRORE - /var/www/html/saluteora/laravel/Modules/Xot/lang/lang/sv/exceptions.php: Impossibile estrarre namespace/classe
ERRORE - /var/www/html/saluteora/laravel/Modules/Xot/lang/lang/sv/history.php: Impossibile estrarre namespace/classe
ERRORE - /var/www/html/saluteora/laravel/Modules/Xot/lang/lang/sv/http.php: Impossibile estrarre namespace/classe
ERRORE - /var/www/html/saluteora/laravel/Modules/Xot/lang/lang/sv/labels.php: Impossibile estrarre namespace/classe
ERRORE - /var/www/html/saluteora/laravel/Modules/Xot/lang/lang/sv/menus.php: Impossibile estrarre namespace/classe
ERRORE - /var/www/html/saluteora/laravel/Modules/Xot/lang/lang/sv/navs.php: Impossibile estrarre namespace/classe
ERRORE - /var/www/html/saluteora/laravel/Modules/Xot/lang/lang/sv/pagination.php: Impossibile estrarre namespace/classe
ERRORE - /var/www/html/saluteora/laravel/Modules/Xot/lang/lang/sv/passwords.php: Impossibile estrarre namespace/classe
ERRORE - /var/www/html/saluteora/laravel/Modules/Xot/lang/lang/sv/roles.php: Impossibile estrarre namespace/classe
ERRORE - /var/www/html/saluteora/laravel/Modules/Xot/lang/lang/sv/strings.php: Impossibile estrarre namespace/classe
ERRORE - /var/www/html/saluteora/laravel/Modules/Xot/lang/lang/sv/validation.php: Impossibile estrarre namespace/classe
ERRORE - /var/www/html/saluteora/laravel/Modules/Xot/lang/lang/th/alerts.php: Impossibile estrarre namespace/classe
ERRORE - /var/www/html/saluteora/laravel/Modules/Xot/lang/lang/th/auth.php: Impossibile estrarre namespace/classe
ERRORE - /var/www/html/saluteora/laravel/Modules/Xot/lang/lang/th/buttons.php: Impossibile estrarre namespace/classe
ERRORE - /var/www/html/saluteora/laravel/Modules/Xot/lang/lang/th/exceptions.php: Impossibile estrarre namespace/classe
ERRORE - /var/www/html/saluteora/laravel/Modules/Xot/lang/lang/th/history.php: Impossibile estrarre namespace/classe
ERRORE - /var/www/html/saluteora/laravel/Modules/Xot/lang/lang/th/http.php: Impossibile estrarre namespace/classe
ERRORE - /var/www/html/saluteora/laravel/Modules/Xot/lang/lang/th/labels.php: Impossibile estrarre namespace/classe
ERRORE - /var/www/html/saluteora/laravel/Modules/Xot/lang/lang/th/menus.php: Impossibile estrarre namespace/classe
ERRORE - /var/www/html/saluteora/laravel/Modules/Xot/lang/lang/th/navs.php: Impossibile estrarre namespace/classe
ERRORE - /var/www/html/saluteora/laravel/Modules/Xot/lang/lang/th/pagination.php: Impossibile estrarre namespace/classe
ERRORE - /var/www/html/saluteora/laravel/Modules/Xot/lang/lang/th/passwords.php: Impossibile estrarre namespace/classe
ERRORE - /var/www/html/saluteora/laravel/Modules/Xot/lang/lang/th/roles.php: Impossibile estrarre namespace/classe
ERRORE - /var/www/html/saluteora/laravel/Modules/Xot/lang/lang/th/strings.php: Impossibile estrarre namespace/classe
ERRORE - /var/www/html/saluteora/laravel/Modules/Xot/lang/lang/th/validation.php: Impossibile estrarre namespace/classe
ERRORE - /var/www/html/saluteora/laravel/Modules/Xot/lang/lang/tr/health.php: Impossibile estrarre namespace/classe
ERRORE - /var/www/html/saluteora/laravel/Modules/Xot/lang/lang/tr/messages.php: Impossibile estrarre namespace/classe
ERRORE - /var/www/html/saluteora/laravel/Modules/Xot/lang/lang/vi/health.php: Impossibile estrarre namespace/classe
ERRORE - /var/www/html/saluteora/laravel/Modules/Xot/lang/lang/zh-CN/messages.php: Impossibile estrarre namespace/classe
ERRORE - /var/www/html/saluteora/laravel/Modules/Xot/lang/lang/zh-TW/messages.php: Impossibile estrarre namespace/classe
ERRORE - /var/www/html/saluteora/laravel/Modules/Xot/lang/nl/alerts.php: Impossibile estrarre namespace/classe
ERRORE - /var/www/html/saluteora/laravel/Modules/Xot/lang/nl/auth.php: Impossibile estrarre namespace/classe
ERRORE - /var/www/html/saluteora/laravel/Modules/Xot/lang/nl/button.php: Impossibile estrarre namespace/classe
ERRORE - /var/www/html/saluteora/laravel/Modules/Xot/lang/nl/exceptions.php: Impossibile estrarre namespace/classe
ERRORE - /var/www/html/saluteora/laravel/Modules/Xot/lang/nl/history.php: Impossibile estrarre namespace/classe
ERRORE - /var/www/html/saluteora/laravel/Modules/Xot/lang/nl/http.php: Impossibile estrarre namespace/classe
ERRORE - /var/www/html/saluteora/laravel/Modules/Xot/lang/nl/labels.php: Impossibile estrarre namespace/classe
ERRORE - /var/www/html/saluteora/laravel/Modules/Xot/lang/nl/menus.php: Impossibile estrarre namespace/classe
ERRORE - /var/www/html/saluteora/laravel/Modules/Xot/lang/nl/messages.php: Impossibile estrarre namespace/classe
ERRORE - /var/www/html/saluteora/laravel/Modules/Xot/lang/nl/navs.php: Impossibile estrarre namespace/classe
ERRORE - /var/www/html/saluteora/laravel/Modules/Xot/lang/nl/pagination.php: Impossibile estrarre namespace/classe
ERRORE - /var/www/html/saluteora/laravel/Modules/Xot/lang/nl/passwords.php: Impossibile estrarre namespace/classe
ERRORE - /var/www/html/saluteora/laravel/Modules/Xot/lang/nl/roles.php: Impossibile estrarre namespace/classe
ERRORE - /var/www/html/saluteora/laravel/Modules/Xot/lang/nl/strings.php: Impossibile estrarre namespace/classe
ERRORE - /var/www/html/saluteora/laravel/Modules/Xot/lang/nl/validation.php: Impossibile estrarre namespace/classe
ERRORE - /var/www/html/saluteora/laravel/Modules/Xot/lang/pl/messages.php: Impossibile estrarre namespace/classe
ERRORE - /var/www/html/saluteora/laravel/Modules/Xot/lang/pt/messages.php: Impossibile estrarre namespace/classe
ERRORE - /var/www/html/saluteora/laravel/Modules/Xot/lang/pt-br/messages.php: Impossibile estrarre namespace/classe
ERRORE - /var/www/html/saluteora/laravel/Modules/Xot/lang/pt_BR/alerts.php: Impossibile estrarre namespace/classe
ERRORE - /var/www/html/saluteora/laravel/Modules/Xot/lang/pt_BR/auth.php: Impossibile estrarre namespace/classe
ERRORE - /var/www/html/saluteora/laravel/Modules/Xot/lang/pt_BR/buttons.php: Impossibile estrarre namespace/classe
ERRORE - /var/www/html/saluteora/laravel/Modules/Xot/lang/pt_BR/exceptions.php: Impossibile estrarre namespace/classe
ERRORE - /var/www/html/saluteora/laravel/Modules/Xot/lang/pt_BR/health.php: Impossibile estrarre namespace/classe
ERRORE - /var/www/html/saluteora/laravel/Modules/Xot/lang/pt_BR/history.php: Impossibile estrarre namespace/classe
ERRORE - /var/www/html/saluteora/laravel/Modules/Xot/lang/pt_BR/http.php: Impossibile estrarre namespace/classe
ERRORE - /var/www/html/saluteora/laravel/Modules/Xot/lang/pt_BR/labels.php: Impossibile estrarre namespace/classe
ERRORE - /var/www/html/saluteora/laravel/Modules/Xot/lang/pt_BR/menus.php: Impossibile estrarre namespace/classe
ERRORE - /var/www/html/saluteora/laravel/Modules/Xot/lang/pt_BR/navs.php: Impossibile estrarre namespace/classe
ERRORE - /var/www/html/saluteora/laravel/Modules/Xot/lang/pt_BR/pagination.php: Impossibile estrarre namespace/classe
ERRORE - /var/www/html/saluteora/laravel/Modules/Xot/lang/pt_BR/passwords.php: Impossibile estrarre namespace/classe
ERRORE - /var/www/html/saluteora/laravel/Modules/Xot/lang/pt_BR/roles.php: Impossibile estrarre namespace/classe
ERRORE - /var/www/html/saluteora/laravel/Modules/Xot/lang/pt_BR/strings.php: Impossibile estrarre namespace/classe
ERRORE - /var/www/html/saluteora/laravel/Modules/Xot/lang/pt_BR/validation.php: Impossibile estrarre namespace/classe
ERRORE - /var/www/html/saluteora/laravel/Modules/Xot/lang/ro/messages.php: Impossibile estrarre namespace/classe
ERRORE - /var/www/html/saluteora/laravel/Modules/Xot/lang/ru/messages.php: Impossibile estrarre namespace/classe
ERRORE - /var/www/html/saluteora/laravel/Modules/Xot/lang/sv/alerts.php: Impossibile estrarre namespace/classe
ERRORE - /var/www/html/saluteora/laravel/Modules/Xot/lang/sv/auth.php: Impossibile estrarre namespace/classe
ERRORE - /var/www/html/saluteora/laravel/Modules/Xot/lang/sv/buttons.php: Impossibile estrarre namespace/classe
ERRORE - /var/www/html/saluteora/laravel/Modules/Xot/lang/sv/exceptions.php: Impossibile estrarre namespace/classe
ERRORE - /var/www/html/saluteora/laravel/Modules/Xot/lang/sv/history.php: Impossibile estrarre namespace/classe
ERRORE - /var/www/html/saluteora/laravel/Modules/Xot/lang/sv/http.php: Impossibile estrarre namespace/classe
ERRORE - /var/www/html/saluteora/laravel/Modules/Xot/lang/sv/labels.php: Impossibile estrarre namespace/classe
ERRORE - /var/www/html/saluteora/laravel/Modules/Xot/lang/sv/menus.php: Impossibile estrarre namespace/classe
ERRORE - /var/www/html/saluteora/laravel/Modules/Xot/lang/sv/navs.php: Impossibile estrarre namespace/classe
ERRORE - /var/www/html/saluteora/laravel/Modules/Xot/lang/sv/pagination.php: Impossibile estrarre namespace/classe
ERRORE - /var/www/html/saluteora/laravel/Modules/Xot/lang/sv/passwords.php: Impossibile estrarre namespace/classe
ERRORE - /var/www/html/saluteora/laravel/Modules/Xot/lang/sv/roles.php: Impossibile estrarre namespace/classe
ERRORE - /var/www/html/saluteora/laravel/Modules/Xot/lang/sv/strings.php: Impossibile estrarre namespace/classe
ERRORE - /var/www/html/saluteora/laravel/Modules/Xot/lang/sv/validation.php: Impossibile estrarre namespace/classe
ERRORE - /var/www/html/saluteora/laravel/Modules/Xot/lang/th/alerts.php: Impossibile estrarre namespace/classe
ERRORE - /var/www/html/saluteora/laravel/Modules/Xot/lang/th/auth.php: Impossibile estrarre namespace/classe
ERRORE - /var/www/html/saluteora/laravel/Modules/Xot/lang/th/buttons.php: Impossibile estrarre namespace/classe
ERRORE - /var/www/html/saluteora/laravel/Modules/Xot/lang/th/exceptions.php: Impossibile estrarre namespace/classe
ERRORE - /var/www/html/saluteora/laravel/Modules/Xot/lang/th/history.php: Impossibile estrarre namespace/classe
ERRORE - /var/www/html/saluteora/laravel/Modules/Xot/lang/th/http.php: Impossibile estrarre namespace/classe
ERRORE - /var/www/html/saluteora/laravel/Modules/Xot/lang/th/labels.php: Impossibile estrarre namespace/classe
ERRORE - /var/www/html/saluteora/laravel/Modules/Xot/lang/th/menus.php: Impossibile estrarre namespace/classe
ERRORE - /var/www/html/saluteora/laravel/Modules/Xot/lang/th/navs.php: Impossibile estrarre namespace/classe
ERRORE - /var/www/html/saluteora/laravel/Modules/Xot/lang/th/pagination.php: Impossibile estrarre namespace/classe
ERRORE - /var/www/html/saluteora/laravel/Modules/Xot/lang/th/passwords.php: Impossibile estrarre namespace/classe
ERRORE - /var/www/html/saluteora/laravel/Modules/Xot/lang/th/roles.php: Impossibile estrarre namespace/classe
ERRORE - /var/www/html/saluteora/laravel/Modules/Xot/lang/th/strings.php: Impossibile estrarre namespace/classe
ERRORE - /var/www/html/saluteora/laravel/Modules/Xot/lang/th/validation.php: Impossibile estrarre namespace/classe
ERRORE - /var/www/html/saluteora/laravel/Modules/Xot/lang/tr/health.php: Impossibile estrarre namespace/classe
ERRORE - /var/www/html/saluteora/laravel/Modules/Xot/lang/tr/messages.php: Impossibile estrarre namespace/classe
ERRORE - /var/www/html/saluteora/laravel/Modules/Xot/lang/vi/health.php: Impossibile estrarre namespace/classe
ERRORE - /var/www/html/saluteora/laravel/Modules/Xot/lang/zh-CN/messages.php: Impossibile estrarre namespace/classe
ERRORE - /var/www/html/saluteora/laravel/Modules/Xot/lang/zh-TW/messages.php: Impossibile estrarre namespace/classe
ERRORE - /var/www/html/saluteora/laravel/Modules/Xot/packages/coolsam/panel-modules/config/modules.php: Impossibile estrarre namespace/classe
ERRORE - /var/www/html/saluteora/laravel/Modules/Xot/phpinsights.php: Impossibile estrarre namespace/classe
ERRORE - /var/www/html/saluteora/laravel/Modules/Xot/phpstan_constants.php: Impossibile estrarre namespace/classe
ERRORE - /var/www/html/saluteora/laravel/Modules/Xot/rector.php: Impossibile estrarre namespace/classe
ERRORE - /var/www/html/saluteora/laravel/Modules/Xot/resources/lang/it/auth.php: Impossibile estrarre namespace/classe
ERRORE - /var/www/html/saluteora/laravel/Modules/Xot/resources/lang/it/panel.php: Impossibile estrarre namespace/classe
ERRORE - /var/www/html/saluteora/laravel/Modules/Xot/resources/lang/it/xot_base.php: Impossibile estrarre namespace/classe
ERRORE - /var/www/html/saluteora/laravel/Modules/Xot/resources/lang/it/xot_base_list_records.php: Impossibile estrarre namespace/classe
ERRORE - /var/www/html/saluteora/laravel/Modules/Xot/resources/views/acts/artisan/show_route_list.blade.php: Impossibile estrarre namespace/classe
ERRORE - /var/www/html/saluteora/laravel/Modules/Xot/resources/views/admin/acts/manage_lang_module.blade.php: Impossibile estrarre namespace/classe
ERRORE - /var/www/html/saluteora/laravel/Modules/Xot/resources/views/admin/dashboard.blade.php: Impossibile estrarre namespace/classe
ERRORE - /var/www/html/saluteora/laravel/Modules/Xot/resources/views/admin/home/acts/db.blade.php: Impossibile estrarre namespace/classe
ERRORE - /var/www/html/saluteora/laravel/Modules/Xot/resources/views/admin/home/acts/xls_import.blade.php: Impossibile estrarre namespace/classe
ERRORE - /var/www/html/saluteora/laravel/Modules/Xot/resources/views/admin/index/acts/manage_lang_module.blade.php: Impossibile estrarre namespace/classe
ERRORE - /var/www/html/saluteora/laravel/Modules/Xot/resources/views/admin/index/acts/test.blade.php: Impossibile estrarre namespace/classe
ERRORE - /var/www/html/saluteora/laravel/Modules/Xot/resources/views/admin/standalone/manage/php-array.blade.php: Impossibile estrarre namespace/classe
ERRORE - /var/www/html/saluteora/laravel/Modules/Xot/resources/views/admin/store/acts/xls_import/step1.blade.php: Impossibile estrarre namespace/classe
ERRORE - /var/www/html/saluteora/laravel/Modules/Xot/resources/views/admin/store/acts/xls_import.blade.php: Impossibile estrarre namespace/classe
ERRORE - /var/www/html/saluteora/laravel/Modules/Xot/resources/views/admin/test/index/acts/test_mail.blade.php: Impossibile estrarre namespace/classe
ERRORE - /var/www/html/saluteora/laravel/Modules/Xot/resources/views/components/dashboard/item.blade.php: Impossibile estrarre namespace/classe
ERRORE - /var/www/html/saluteora/laravel/Modules/Xot/resources/views/components/terminal.blade.php: Impossibile estrarre namespace/classe
ERRORE - /var/www/html/saluteora/laravel/Modules/Xot/resources/views/factory-generator/method-factory.blade.php: Impossibile estrarre namespace/classe
ERRORE - /var/www/html/saluteora/laravel/Modules/Xot/resources/views/filament/forms/components/terminal-output.blade.php: Impossibile estrarre namespace/classe
ERRORE - /var/www/html/saluteora/laravel/Modules/Xot/resources/views/filament/infolists/components/file-content.blade.php: Impossibile estrarre namespace/classe
ERRORE - /var/www/html/saluteora/laravel/Modules/Xot/resources/views/filament/pages/artisan-commands-manager.blade.php: Impossibile estrarre namespace/classe
ERRORE - /var/www/html/saluteora/laravel/Modules/Xot/resources/views/filament/pages/dashboard.blade.php: Impossibile estrarre namespace/classe
ERRORE - /var/www/html/saluteora/laravel/Modules/Xot/resources/views/filament/pages/env.blade.php: Impossibile estrarre namespace/classe
ERRORE - /var/www/html/saluteora/laravel/Modules/Xot/resources/views/filament/pages/health.blade.php: Impossibile estrarre namespace/classe
ERRORE - /var/www/html/saluteora/laravel/Modules/Xot/resources/views/filament/pages/metatag.blade.php: Impossibile estrarre namespace/classe
ERRORE - /var/www/html/saluteora/laravel/Modules/Xot/resources/views/filament/pages/simple.blade.php: Impossibile estrarre namespace/classe
ERRORE - /var/www/html/saluteora/laravel/Modules/Xot/resources/views/filament/widgets/clock.blade.php: Impossibile estrarre namespace/classe
ERRORE - /var/www/html/saluteora/laravel/Modules/Xot/resources/views/filament/widgets/env.blade.php: Impossibile estrarre namespace/classe
ERRORE - /var/www/html/saluteora/laravel/Modules/Xot/resources/views/home/index/acts/artisan.blade.php: Impossibile estrarre namespace/classe
ERRORE - /var/www/html/saluteora/laravel/Modules/Xot/resources/views/index.blade.php: Impossibile estrarre namespace/classe
ERRORE - /var/www/html/saluteora/laravel/Modules/Xot/resources/views/layouts/master.blade.php: Impossibile estrarre namespace/classe
ERRORE - /var/www/html/saluteora/laravel/Modules/Xot/resources/views/livewire/favorite.blade.php: Impossibile estrarre namespace/classe
ERRORE - /var/www/html/saluteora/laravel/Modules/Xot/resources/views/livewire/manage_lang_module/edit.blade.php: Impossibile estrarre namespace/classe
ERRORE - /var/www/html/saluteora/laravel/Modules/Xot/resources/views/livewire/manage_lang_module.blade.php: Impossibile estrarre namespace/classe
ERRORE - /var/www/html/saluteora/laravel/Modules/Xot/resources/views/livewire/rate/multi.blade.php: Impossibile estrarre namespace/classe
ERRORE - /var/www/html/saluteora/laravel/Modules/Xot/resources/views/livewire/rate/single.blade.php: Impossibile estrarre namespace/classe
ERRORE - /var/www/html/saluteora/laravel/Modules/Xot/resources/views/livewire/rate_it.blade.php: Impossibile estrarre namespace/classe
ERRORE - /var/www/html/saluteora/laravel/Modules/Xot/resources/views/livewire/test.blade.php: Impossibile estrarre namespace/classe
ERRORE - /var/www/html/saluteora/laravel/Modules/Xot/resources/views/livewire/xot_base_table_component/checkbox-all.blade.php: Impossibile estrarre namespace/classe
ERRORE - /var/www/html/saluteora/laravel/Modules/Xot/resources/views/livewire/xot_base_table_component/checkbox-row.blade.php: Impossibile estrarre namespace/classe
ERRORE - /var/www/html/saluteora/laravel/Modules/Xot/resources/views/livewire/xot_base_table_component.blade.php: Impossibile estrarre namespace/classe
ERRORE - /var/www/html/saluteora/laravel/Modules/Xot/resources/views/pages/artisan-commands-manager.blade.php: Impossibile estrarre namespace/classe
ERRORE - /var/www/html/saluteora/laravel/Modules/Xot/resources/views/rss/feed.blade.php: Impossibile estrarre namespace/classe
ERRORE - /var/www/html/saluteora/laravel/Modules/Xot/resources/views/services/table.blade.php: Impossibile estrarre namespace/classe
ERRORE - /var/www/html/saluteora/laravel/Modules/Xot/resources/views/sitemap/index.blade.php: Impossibile estrarre namespace/classe
ERRORE - /var/www/html/saluteora/laravel/Modules/Xot/resources/views/test/index/acts/artisan.blade.php: Impossibile estrarre namespace/classe
ERRORE - /var/www/html/saluteora/laravel/Modules/Xot/resources/views/test.blade.php: Impossibile estrarre namespace/classe
ERRORE - /var/www/html/saluteora/laravel/Modules/Xot/resources/views/x-debug.blade.php: Impossibile estrarre namespace/classe
ERRORE - /var/www/html/saluteora/laravel/Modules/Xot/routes/api.php: Impossibile estrarre namespace/classe
ERRORE - /var/www/html/saluteora/laravel/Modules/Xot/routes/seo.php: Impossibile estrarre namespace/classe
ERRORE - /var/www/html/saluteora/laravel/Modules/Xot/routes/web.php: Impossibile estrarre namespace/classe

=== RIEPILOGO ===

File PHP analizzati: 2806
File modificati: 0
File con errori: 1489
